llm_name,comparison,n_rows,acc_a,acc_b,drop_pp,drop_ci_low,drop_ci_high,flip_rate,flip_rate_ci_low,flip_rate_ci_high,hurt_rate,help_rate,b_hurt,c_helped,discordant_n,mcnemar_p,buried_failure_level
qwen/qwen3-235b-a22b-instruct-2507,easy -> medium,600,0.6616666666666666,0.6466666666666666,0.015000000000000013,-0.015,0.045,0.008333333333333333,0.0035646039280112004,0.019357735402127832,0.07333333333333333,0.058333333333333334,44,35,79,0.3681876338306311,little buried-information failure
qwen/qwen3-235b-a22b-instruct-2507,easy -> hard,600,0.6616666666666666,0.6016666666666667,0.05999999999999994,0.02666666666666667,0.09333333333333334,0.065,0.04791058921339886,0.08762409066852075,0.12,0.06,72,36,108,0.0006842302219330051,moderate buried-information failure
qwen/qwen3-235b-a22b-instruct-2507,easy -> very_hard,600,0.6616666666666666,0.5966666666666667,0.06499999999999995,0.03166666666666667,0.1,0.05333333333333334,0.0380291035901115,0.07432068264879449,0.12666666666666668,0.06166666666666667,76,37,113,0.00030960246353573076,moderate buried-information failure
