llm_name,condition,section_retrieval_rate,joint_accuracy,epu_accuracy_only,excerpt_in_target_rate,json_valid_rate,confidence_mean
qwen/qwen3-235b-a22b-instruct-2507,easy,0.9983333333333333,0.6616666666666666,0.6616666666666666,0.6733333333333333,0.9983333333333333,0.9472166666666666
qwen/qwen3-235b-a22b-instruct-2507,medium,0.9933333333333333,0.6466666666666666,0.6466666666666666,0.59,0.9933333333333333,0.9422166666666667
qwen/qwen3-235b-a22b-instruct-2507,hard,0.9366666666666666,0.6016666666666667,0.6416666666666667,0.58,0.9883333333333333,0.9355833333333335
qwen/qwen3-235b-a22b-instruct-2507,very_hard,0.9483333333333334,0.5966666666666667,0.6233333333333333,0.6483333333333333,0.99,0.9359166666666667
