llm_name,disagreement_flag,n_rows,easy_joint_acc,easy_retrieval_rate,easy_epu_acc_only,medium_joint_acc,medium_retrieval_rate,medium_epu_acc_only,hard_joint_acc,hard_retrieval_rate,hard_epu_acc_only,very_hard_joint_acc,very_hard_retrieval_rate,very_hard_epu_acc_only,easy_to_very_hard_drop_pp,easy_to_very_hard_mcnemar_p,easy_to_very_hard_flip_rate,easy_to_very_hard_buried_failure_level
qwen/qwen3-235b-a22b-instruct-2507,0,441,0.7687074829931972,0.9977324263038548,0.7687074829931972,0.7437641723356009,0.9954648526077098,0.7437641723356009,0.6848072562358276,0.9365079365079365,0.7278911564625851,0.6825396825396826,0.9410430839002267,0.7188208616780045,0.08616780045351469,6.270382771223793e-05,0.061224489795918366,moderate buried-information failure
qwen/qwen3-235b-a22b-instruct-2507,1,159,0.36477987421383645,1.0,0.36477987421383645,0.37735849056603776,0.9874213836477987,0.37735849056603776,0.3710691823899371,0.9371069182389937,0.4025157232704403,0.3584905660377358,0.9685534591194969,0.3584905660377358,0.0062893081761006275,1.0,0.031446540880503145,little buried-information failure
