llm_name,comparison,n_rows,acc_a,acc_b,drop_pp,drop_ci_low,drop_ci_high,flip_rate,flip_rate_ci_low,flip_rate_ci_high,hurt_rate,help_rate,mcnemar_p,discordant_n,n01,n10
anthropic/claude-sonnet-4-6@default,easy -> medium,489,0.656441717791411,0.65439672801636,-0.2044989775051076,-2.044989775051125,1.6359918200409,0.04294478527607362,0.028257430375584647,0.06475744499207911,0.022494887525562373,0.02044989775051125,1.0,21,10,11
anthropic/claude-sonnet-4-6@default,easy -> hard,483,0.6542443064182195,0.6459627329192547,-0.8281573498964856,-3.1055900621118013,1.2422360248447204,0.057971014492753624,0.04040932435296992,0.08250868429707148,0.033126293995859216,0.024844720496894408,0.5715881884098053,28,12,16
anthropic/claude-sonnet-4-6@default,easy -> very_hard,496,0.657258064516129,0.6411290322580645,-1.6129032258064502,-4.032258064516129,0.8064516129032258,0.07258064516129033,0.052884512723578705,0.0988467557422713,0.04435483870967742,0.028225806451612902,0.24298495403490966,36,14,22
anthropic/claude-sonnet-4-6@default,medium -> hard,478,0.6506276150627615,0.6443514644351465,-0.6276150627614996,-2.510460251046025,1.4644351464435146,0.05230125523012552,0.035673706016858875,0.07606757991611163,0.029288702928870293,0.02301255230125523,0.6900379657745361,25,11,14
anthropic/claude-sonnet-4-6@default,medium -> very_hard,490,0.6530612244897959,0.6387755102040816,-1.4285714285714235,-4.081632653061225,1.0204081632653061,0.07959183673469387,0.05876733885970244,0.10695705535901058,0.04693877551020408,0.0326530612244898,0.3367836351899315,39,16,23
anthropic/claude-sonnet-4-6@default,hard -> very_hard,484,0.6446280991735537,0.640495867768595,-0.4132231404958664,-2.272727272727273,1.4462809917355373,0.045454545454545456,0.03020624467194503,0.06786165277673503,0.024793388429752067,0.02066115702479339,0.8318119049072266,22,10,12
