llm_name,gold_epu,n_rows,easy_acc,easy_epu_only_acc,easy_section_retrieval_rate,medium_acc,medium_epu_only_acc,medium_section_retrieval_rate,hard_acc,hard_epu_only_acc,hard_section_retrieval_rate,very_hard_acc,very_hard_epu_only_acc,very_hard_section_retrieval_rate
anthropic/claude-sonnet-4-6@default,0,250,0.7862903225806451,0.7862903225806451,1.0,0.7868852459016393,0.7868852459016393,1.0,0.8132780082987552,0.8132780082987552,1.0,0.8185483870967742,0.8185483870967742,1.0
anthropic/claude-sonnet-4-6@default,1,250,0.5301204819277109,0.5301204819277109,1.0,0.5222672064777328,0.5222672064777328,1.0,0.4773662551440329,0.4773662551440329,1.0,0.46,0.46,1.0
