llm_name,was_truncated,n_rows,easy_acc,easy_epu_only_acc,easy_section_retrieval_rate,medium_acc,medium_epu_only_acc,medium_section_retrieval_rate,hard_acc,hard_epu_only_acc,hard_section_retrieval_rate,very_hard_acc,very_hard_epu_only_acc,very_hard_section_retrieval_rate
anthropic/claude-sonnet-4-6@default,0,162,0.6540880503144654,0.6540880503144654,1.0,0.6103896103896104,0.6103896103896104,1.0,0.6026490066225165,0.6026490066225165,1.0,0.625,0.625,1.0
anthropic/claude-sonnet-4-6@default,1,338,0.6597633136094675,0.6597633136094675,1.0,0.6735905044510386,0.6735905044510386,1.0,0.6636636636636637,0.6636636636636637,1.0,0.6449704142011834,0.6449704142011834,1.0
