llm_name,disagreement_flag,n_rows,easy_acc,easy_epu_only_acc,easy_section_retrieval_rate,medium_acc,medium_epu_only_acc,medium_section_retrieval_rate,hard_acc,hard_epu_only_acc,hard_section_retrieval_rate,very_hard_acc,very_hard_epu_only_acc,very_hard_section_retrieval_rate
anthropic/claude-sonnet-4-6@default,0,362,0.75,0.75,1.0,0.7436619718309859,0.7436619718309859,1.0,0.7492877492877493,0.7492877492877493,1.0,0.7472222222222222,0.7472222222222222,1.0
anthropic/claude-sonnet-4-6@default,1,138,0.41605839416058393,0.41605839416058393,1.0,0.41911764705882354,0.41911764705882354,1.0,0.3684210526315789,0.3684210526315789,1.0,0.35507246376811596,0.35507246376811596,1.0
