llm_name,cond_a,cond_b,comparison,n_rows,acc_a,acc_b,delta_pp,delta_ci_low,delta_ci_high,flip_rate,flip_rate_ci_low,flip_rate_ci_high,hurt_rate,help_rate,b_hurt,c_helped,discordant_n,mcnemar_p,hurt_help_ratio
anthropic/claude-sonnet-4-6@default,single_focus,single_long_control,single_focus -> single_long_control,500,0.63,0.638,0.008000000000000007,-0.014,0.03,0.05858585858585859,0.04109778873492188,0.0828723779927853,0.028,0.036,14,18,32,0.5966148958541453,0.7777777777777778
anthropic/claude-sonnet-4-6@default,single_focus,full_focus_epu_first,single_focus -> full_focus_epu_first,500,0.63,0.642,0.01200000000000001,-0.02,0.044,0.13279678068410464,0.10575984973779541,0.16546661609942406,0.062,0.074,31,37,68,0.5446122234192592,0.8378378378378378
anthropic/claude-sonnet-4-6@default,single_focus,full_focus_epu_last,single_focus -> full_focus_epu_last,500,0.63,0.646,0.016000000000000014,-0.012,0.044,0.10040160642570281,0.07698893220575528,0.12993191300443738,0.044,0.06,22,30,52,0.3317497633694906,0.7333333333333333
anthropic/claude-sonnet-4-6@default,single_long_control,full_focus_epu_first,single_long_control -> full_focus_epu_first,500,0.638,0.642,0.0040000000000000036,-0.024,0.032,0.09475806451612903,0.07200858931684509,0.12373639560604893,0.048,0.052,24,26,50,0.887724827340783,0.9230769230769231
anthropic/claude-sonnet-4-6@default,single_long_control,full_focus_epu_last,single_long_control -> full_focus_epu_last,500,0.638,0.646,0.008000000000000007,-0.016,0.03,0.06438631790744467,0.04597408250920937,0.0894808755935742,0.03,0.038,15,19,34,0.6075913612730801,0.7894736842105263
anthropic/claude-sonnet-4-6@default,full_focus_epu_first,full_focus_epu_last,full_focus_epu_first -> full_focus_epu_last,500,0.642,0.646,0.0040000000000000036,-0.02,0.028,0.07214428857715431,0.05256408148602572,0.09826170562899035,0.034,0.038,17,19,36,0.8679394004284404,0.8947368421052632
