llm_name,group_name,group_value,n_rows,clean_acc,clean_acc_ci_low,clean_acc_ci_high,attacked_acc,attacked_acc_ci_low,attacked_acc_ci_high,attack_drop_pp,attack_drop_ci_low,attack_drop_ci_high,flip_rate,flip_rate_ci_low,flip_rate_ci_high,attack_hurt_rate,attack_hurt_ci_low,attack_hurt_ci_high,attack_helped_rate,attack_helped_ci_low,attack_helped_ci_high,b_hurt,c_helped,discordant_n,mcnemar_p,hurt_help_ratio,relative_error_increase,clean_fp_rate_gold0,attacked_fp_rate_gold0,fp_pull_pp,clean_acc_gold0,attacked_acc_gold0,delta_acc_gold0,clean_fn_rate_gold1,attacked_fn_rate_gold1,fn_pull_pp,clean_acc_gold1,attacked_acc_gold1,delta_acc_gold1,delta_overall,stable_rate,composite_score_mean,attacked_aux_mean,clean_confidence_mean,attacked_confidence_mean,delta_confidence,attacked_confidence_harmed_rows,attacked_confidence_helped_rows,clean_excerpt_in_target_rate,attacked_excerpt_in_target_rate,excerpt_shift_off_target_rate,wrong_but_attacked_excerpt_in_target_rate,was_truncated_rate,distraction_level,failure_mode
google/gemini-3.1-pro-preview,gold_epu,1,250,0.556,0.49402492245642526,0.616280148000085,0.568,0.5060249967174061,0.6279168745512133,-0.0119999999999999,-0.04,0.016,0.052,0.030637655164191247,0.08692178118372709,0.02,0.008572324384058198,0.045955643131568594,0.032,0.01630236549364963,0.06186240283408649,5,8,13,0.5810546875,0.625,-0.02702702702702675,,,,,,,0.444,0.432,-0.01200000000000001,0.556,0.568,0.0119999999999999,0.0119999999999999,0.948,0.5799200000000001,0.4616,0.9388000000000001,0.9385999999999999,-0.00020000000000020002,0.9199999999999999,0.8625,0.712,0.708,0.084,0.8240740740740741,0.456,mixed / borderline,undetermined
google/gemini-3.1-pro-preview,gold_epu,0,250,0.804,0.7503491896964016,0.8484497642103681,0.788,0.7331727674153838,0.83411045207524,0.016000000000000014,-0.008,0.04,0.04,0.021869911954542545,0.07205272358126646,0.028,0.013628058600839217,0.05665777612286046,0.012,0.004089319880534296,0.03468078042701961,7,3,10,0.34375,2.3333333333333335,0.08163265306122458,0.196,0.212,0.015999999999999986,0.804,0.788,-0.016000000000000014,,,,,,,-0.016000000000000014,0.96,0.71176,0.2888,0.9530799999999999,0.95352,0.00044000000000010697,0.9000000000000001,0.8833333333333333,0.744,0.8,0.048,0.6792452830188679,0.524,little distraction,undetermined
