llm_name,disagreement_flag,n_rows,easy_acc,easy_epu_only_acc,easy_section_retrieval_rate,medium_acc,medium_epu_only_acc,medium_section_retrieval_rate,hard_acc,hard_epu_only_acc,hard_section_retrieval_rate,very_hard_acc,very_hard_epu_only_acc,very_hard_section_retrieval_rate
deepseek-ai/deepseek-v3.2,0,362,0.7513812154696132,0.7513812154696132,1.0,0.7679558011049724,0.7679558011049724,1.0,0.7651933701657458,0.7651933701657458,1.0,0.7486187845303868,0.7486187845303868,1.0
deepseek-ai/deepseek-v3.2,1,138,0.45652173913043476,0.45652173913043476,1.0,0.391304347826087,0.391304347826087,1.0,0.35507246376811596,0.35507246376811596,1.0,0.39855072463768115,0.39855072463768115,1.0
