llm_name,comparison,n_rows,acc_a,acc_b,drop_pp,drop_ci_low,drop_ci_high,flip_rate,flip_rate_ci_low,flip_rate_ci_high,hurt_rate,help_rate,mcnemar_p,discordant_n,n01,n10
deepseek-ai/deepseek-v3.2,easy -> medium,500,0.67,0.664,-0.6000000000000005,-4.0,2.6,0.138,0.11051755348949738,0.17100267032687666,0.072,0.066,0.8099490529189248,69,33,36
deepseek-ai/deepseek-v3.2,easy -> hard,500,0.67,0.652,-1.8000000000000016,-5.2,1.6,0.154,0.12501019573842537,0.18826604028495975,0.086,0.068,0.36203179773966154,77,34,43
deepseek-ai/deepseek-v3.2,easy -> very_hard,500,0.67,0.652,-1.8000000000000016,-5.2,1.6,0.15,0.12137548023138253,0.1839617527402498,0.084,0.066,0.3556992390814873,75,33,42
deepseek-ai/deepseek-v3.2,medium -> hard,500,0.664,0.652,-1.200000000000001,-4.2,1.7999999999999998,0.112,0.0872623972834597,0.14265430669652132,0.062,0.05,0.5044037600228255,56,25,31
deepseek-ai/deepseek-v3.2,medium -> very_hard,500,0.664,0.652,-1.200000000000001,-4.3999999999999995,2.1999999999999997,0.144,0.11593760751948218,0.177491120874521,0.078,0.066,0.555997717760971,72,33,39
deepseek-ai/deepseek-v3.2,hard -> very_hard,500,0.652,0.652,0.0,-3.2,3.2,0.132,0.10511627994905025,0.16449543928969462,0.066,0.066,1.0,66,33,33
