llm_name,was_truncated,n_rows,easy_acc,easy_epu_only_acc,easy_section_retrieval_rate,medium_acc,medium_epu_only_acc,medium_section_retrieval_rate,hard_acc,hard_epu_only_acc,hard_section_retrieval_rate,very_hard_acc,very_hard_epu_only_acc,very_hard_section_retrieval_rate
deepseek-ai/deepseek-v3.2,0,162,0.6790123456790124,0.6790123456790124,1.0,0.6481481481481481,0.6481481481481481,1.0,0.6481481481481481,0.6481481481481481,1.0,0.6728395061728395,0.6728395061728395,1.0
deepseek-ai/deepseek-v3.2,1,338,0.665680473372781,0.665680473372781,1.0,0.6715976331360947,0.6715976331360947,1.0,0.6538461538461539,0.6538461538461539,1.0,0.6420118343195266,0.6420118343195266,1.0
