llm_name,comparison,n_rows,acc_a,acc_b,drop_pp,drop_ci_low,drop_ci_high,flip_rate,flip_rate_ci_low,flip_rate_ci_high,hurt_rate,help_rate,b_hurt,c_helped,discordant_n,mcnemar_p,hurt_help_ratio,shift_level
qwen/qwen3-235b-a22b-instruct-2507,single_focus -> multi_focus_epu_first,600,0.6683333333333333,0.68,-0.011666666666666714,-0.03666666666666667,0.015,0.09747899159663866,0.07616501100355982,0.12395717001025874,0.045,0.056666666666666664,27,34,61,0.4426260049464714,0.7941176470588235,mixed / borderline
qwen/qwen3-235b-a22b-instruct-2507,single_focus -> multi_focus_epu_last,600,0.6683333333333333,0.6433333333333333,0.025000000000000022,-0.005,0.055,0.13804713804713806,0.11262426504812635,0.16812150181752278,0.08333333333333333,0.058333333333333334,50,35,85,0.12839640292640084,1.4285714285714286,mixed / borderline
qwen/qwen3-235b-a22b-instruct-2507,multi_focus_epu_first -> multi_focus_epu_last,600,0.68,0.6433333333333333,0.036666666666666736,0.005,0.06833333333333333,0.14814814814814814,0.12184297273160778,0.17897500529127902,0.095,0.058333333333333334,57,35,92,0.02801690195894671,1.6285714285714286,moderate focus-shift failure
