llm_name,disagreement_flag,n_rows,single_focus_acc,single_focus_json_valid_rate,single_focus_excerpt_in_target_rate,single_focus_aux_mean,multi_focus_epu_first_acc,multi_focus_epu_first_json_valid_rate,multi_focus_epu_first_excerpt_in_target_rate,multi_focus_epu_first_aux_mean,multi_focus_epu_last_acc,multi_focus_epu_last_json_valid_rate,multi_focus_epu_last_excerpt_in_target_rate,multi_focus_epu_last_aux_mean,single_to_last_drop_pp,single_to_last_mcnemar_p,single_to_last_flip_rate,single_to_last_shift_level
qwen/qwen3-235b-a22b-instruct-2507,0,429,0.7832167832167832,0.9906759906759907,0.6317016317016317,0.0,0.7855477855477856,0.993006993006993,0.6013986013986014,0.36363636363636365,0.7552447552447552,0.9906759906759907,0.5990675990675991,0.40699300699300706,0.027972027972028024,0.17528579444303533,0.14893617021276595,mixed / borderline
qwen/qwen3-235b-a22b-instruct-2507,1,171,0.38011695906432746,1.0,0.7309941520467836,0.0,0.4152046783625731,1.0,0.672514619883041,0.34502923976608185,0.36257309941520466,1.0,0.7076023391812866,0.39532163742690063,0.017543859649122806,0.6476058959960938,0.1111111111111111,mixed / borderline
