llm_name,group_name,group_value,n_rows,clean_acc,clean_acc_ci_low,clean_acc_ci_high,attacked_acc,attacked_acc_ci_low,attacked_acc_ci_high,attack_drop_pp,attack_drop_ci_low,attack_drop_ci_high,flip_rate,flip_rate_ci_low,flip_rate_ci_high,attack_hurt_rate,attack_hurt_ci_low,attack_hurt_ci_high,attack_helped_rate,attack_helped_ci_low,attack_helped_ci_high,b_hurt,c_helped,discordant_n,mcnemar_p,hurt_help_ratio,relative_error_increase,clean_fp_rate_gold0,attacked_fp_rate_gold0,fp_pull_pp,clean_acc_gold0,attacked_acc_gold0,delta_acc_gold0,clean_fn_rate_gold1,attacked_fn_rate_gold1,fn_pull_pp,clean_acc_gold1,attacked_acc_gold1,delta_acc_gold1,delta_overall,stable_rate,composite_score_mean,attacked_aux_mean,clean_confidence_mean,attacked_confidence_mean,delta_confidence,attacked_confidence_harmed_rows,attacked_confidence_helped_rows,clean_excerpt_in_target_rate,attacked_excerpt_in_target_rate,excerpt_shift_off_target_rate,wrong_but_attacked_excerpt_in_target_rate,was_truncated_rate,distraction_level,failure_mode
deepseek-ai/deepseek-v3.2,gold_epu,1,250,0.496,0.4345537335304875,0.557567332865476,0.484,0.4227644183135957,0.5457198472702585,0.01200000000000001,-0.036,0.06,0.148,0.10931982398325645,0.1973340188615365,0.08,0.05238232837233177,0.12032964320384167,0.068,0.04288591857836033,0.10618925218570377,20,17,37,0.7428293587290682,1.1764705882352942,0.023809523809523725,,,,,,,0.504,0.516,0.01200000000000001,0.496,0.484,-0.01200000000000001,-0.01200000000000001,0.852,0.49824,0.3472,0.9188,0.9200400000000001,0.0012400000000001299,0.9,0.9058823529411765,0.548,0.524,0.124,0.6356589147286822,0.456,mixed / borderline,undetermined
deepseek-ai/deepseek-v3.2,gold_epu,0,250,0.764,0.7076162988962981,0.8123933189701072,0.78,0.7246272763980252,0.8268980758845258,-0.016000000000000014,-0.064,0.032,0.16,0.11975380512206552,0.2105368385348368,0.072,0.04602556925826496,0.11092853510983558,0.088,0.058831355953781625,0.1296384828304647,18,22,40,0.6358280026288412,0.8181818181818182,-0.06779661016949157,0.236,0.22,-0.015999999999999986,0.764,0.78,0.016000000000000014,,,,,,,0.016000000000000014,0.84,0.65336,0.14880000000000002,0.9306400000000001,0.9268800000000001,-0.0037599999999999856,0.8833333333333333,0.922272727272727,0.532,0.584,0.112,0.45454545454545453,0.524,mixed / borderline,undetermined
