llm_name,gold_epu,n_rows,easy_joint_acc,easy_retrieval_rate,easy_epu_acc_only,medium_joint_acc,medium_retrieval_rate,medium_epu_acc_only,hard_joint_acc,hard_retrieval_rate,hard_epu_acc_only,very_hard_joint_acc,very_hard_retrieval_rate,very_hard_epu_acc_only,easy_to_very_hard_drop_pp,easy_to_very_hard_mcnemar_p,easy_to_very_hard_flip_rate,easy_to_very_hard_buried_failure_level
anthropic/claude-sonnet-4-6@default,0,300,0.8266666666666667,0.9966666666666667,0.8266666666666667,0.8433333333333334,1.0,0.8433333333333334,0.7966666666666666,0.96,0.83,0.8233333333333334,0.9766666666666667,0.8466666666666667,0.0033333333333332993,1.0,0.02666666666666667,little buried-information failure
anthropic/claude-sonnet-4-6@default,1,300,0.47,0.9933333333333333,0.47,0.44333333333333336,1.0,0.44333333333333336,0.41333333333333333,0.9566666666666667,0.42,0.42,0.9833333333333333,0.42333333333333334,0.04999999999999999,0.03998605682605215,0.023333333333333334,mixed / borderline
