llm_name,disagreement_flag,n_rows,easy_joint_acc,easy_retrieval_rate,easy_epu_acc_only,medium_joint_acc,medium_retrieval_rate,medium_epu_acc_only,hard_joint_acc,hard_retrieval_rate,hard_epu_acc_only,very_hard_joint_acc,very_hard_retrieval_rate,very_hard_epu_acc_only,easy_to_very_hard_drop_pp,easy_to_very_hard_mcnemar_p,easy_to_very_hard_flip_rate,easy_to_very_hard_buried_failure_level
anthropic/claude-sonnet-4-6@default,0,441,0.7596371882086168,0.9931972789115646,0.7596371882086168,0.7619047619047619,1.0,0.7619047619047619,0.7120181405895691,0.9546485260770975,0.7369614512471655,0.7256235827664399,0.9773242630385488,0.7437641723356009,0.03401360544217691,0.04887389231827033,0.02947845804988662,mixed / borderline
anthropic/claude-sonnet-4-6@default,1,159,0.33962264150943394,1.0,0.33962264150943394,0.31446540880503143,1.0,0.31446540880503143,0.3081761006289308,0.9685534591194969,0.31446540880503143,0.3333333333333333,0.9874213836477987,0.3333333333333333,0.0062893081761006275,1.0,0.012578616352201259,little buried-information failure
