llm_name,condition,disagreement_flag,mean,std,count
🤖 deepseek-ai/deepseek-v3.2,short,0,0.7505827505827506,0.433180894829963,429
🤖 deepseek-ai/deepseek-v3.2,short,1,0.3684210526315789,0.48379306273879075,171
🤖 deepseek-ai/deepseek-v3.2,medium,0,0.7435897435897436,0.43716074107748976,429
🤖 deepseek-ai/deepseek-v3.2,medium,1,0.39766081871345027,0.4908519863610822,171
🤖 deepseek-ai/deepseek-v3.2,long,0,0.7505827505827506,0.4331808948299632,429
🤖 deepseek-ai/deepseek-v3.2,long,1,0.3742690058479532,0.48535483457515544,171
