llm_name,comparison,n_rows,acc_a,acc_b,drop_pp,drop_ci_low,drop_ci_high,flip_rate,flip_rate_ci_low,flip_rate_ci_high,hurt_rate,help_rate,b_hurt,c_helped,discordant_n,mcnemar_p,hurt_help_ratio,shift_level
google/gemini-2.5-flash,single_focus -> multi_focus_epu_first,600,0.6633333333333333,0.6616666666666666,0.0016666666666667052,-0.025,0.028333333333333332,0.10792580101180438,0.08542847466570347,0.135470152385442,0.056666666666666664,0.055,34,33,67,1.0,1.0303030303030303,mixed / borderline
google/gemini-2.5-flash,single_focus -> multi_focus_epu_last,600,0.6633333333333333,0.655,0.008333333333333304,-0.02,0.03666666666666667,0.11872909698996656,0.09520551152423522,0.14711986616986694,0.065,0.056666666666666664,39,34,73,0.6399729317539425,1.1470588235294117,mixed / borderline
google/gemini-2.5-flash,multi_focus_epu_first -> multi_focus_epu_last,600,0.6616666666666666,0.655,0.006666666666666599,-0.02,0.03333333333333333,0.1092436974789916,0.08664044977795438,0.13686020611228703,0.058333333333333334,0.051666666666666666,35,31,66,0.7122308826373509,1.1290322580645162,mixed / borderline
