llm_name,disagreement_flag,n_rows,single_focus_acc,single_focus_json_valid_rate,single_focus_excerpt_in_target_rate,single_focus_aux_mean,multi_focus_epu_first_acc,multi_focus_epu_first_json_valid_rate,multi_focus_epu_first_excerpt_in_target_rate,multi_focus_epu_first_aux_mean,multi_focus_epu_last_acc,multi_focus_epu_last_json_valid_rate,multi_focus_epu_last_excerpt_in_target_rate,multi_focus_epu_last_aux_mean,single_to_last_drop_pp,single_to_last_mcnemar_p,single_to_last_flip_rate,single_to_last_shift_level
google/gemini-2.5-flash,0,429,0.7319347319347319,0.9953379953379954,0.7412587412587412,0.0,0.7249417249417249,0.9906759906759907,0.7599067599067599,0.41585081585081596,0.7086247086247086,1.0,0.752913752913753,0.6000000000000001,0.023310023310023298,0.20263875106454066,0.11241217798594848,mixed / borderline
google/gemini-2.5-flash,1,171,0.49122807017543857,1.0,0.7894736842105263,0.0,0.5029239766081871,0.9941520467836257,0.7777777777777778,0.40701754385964917,0.52046783625731,1.0,0.7309941520467836,0.5614035087719298,-0.0292397660818714,0.4048728942871094,0.13450292397660818,mixed / borderline
