llm_name,comparison,n_rows,acc_a,acc_b,drop_pp,drop_ci_low,drop_ci_high,flip_rate,flip_rate_ci_low,flip_rate_ci_high,hurt_rate,help_rate,b_hurt,c_helped,discordant_n,mcnemar_p,buried_failure_level
google/gemini-3.1-pro-preview,easy -> medium,600,0.6183333333333333,0.6233333333333333,-0.0050000000000000044,-0.021666666666666667,0.011666666666666667,0.0,4.336808689942018e-19,0.00636170101370071,0.018333333333333333,0.023333333333333334,11,14,25,0.6900379657745361,little buried-information failure
google/gemini-3.1-pro-preview,easy -> hard,600,0.6183333333333333,0.5983333333333334,0.019999999999999907,0.0016666666666666668,0.04,0.025,0.015207839599852635,0.040835776363163045,0.03833333333333333,0.018333333333333333,23,11,34,0.05761267291381955,little buried-information failure
google/gemini-3.1-pro-preview,easy -> very_hard,600,0.6183333333333333,0.5983333333333334,0.019999999999999907,0.0016666666666666668,0.03833333333333333,0.016666666666666666,0.009077730463651753,0.0304052471829256,0.03666666666666667,0.016666666666666666,22,10,32,0.050102459732443094,little buried-information failure
