llm_name,condition,section_retrieval_rate,joint_accuracy,epu_accuracy_only,excerpt_in_target_rate,json_valid_rate,confidence_mean
google/gemini-3.1-pro-preview,easy,1.0,0.6183333333333333,0.6183333333333333,0.8266666666666667,1.0,0.9745333333333334
google/gemini-3.1-pro-preview,medium,1.0,0.6233333333333333,0.6233333333333333,0.8083333333333333,1.0,0.9796333333333332
google/gemini-3.1-pro-preview,hard,0.975,0.5983333333333334,0.615,0.7416666666666667,1.0,0.9805666666666665
google/gemini-3.1-pro-preview,very_hard,0.9833333333333333,0.5983333333333334,0.6116666666666667,0.77,1.0,0.9808666666666667
