llm_name,disagreement_flag,n_rows,easy_joint_acc,easy_retrieval_rate,easy_epu_acc_only,medium_joint_acc,medium_retrieval_rate,medium_epu_acc_only,hard_joint_acc,hard_retrieval_rate,hard_epu_acc_only,very_hard_joint_acc,very_hard_retrieval_rate,very_hard_epu_acc_only,easy_to_very_hard_drop_pp,easy_to_very_hard_mcnemar_p,easy_to_very_hard_flip_rate,easy_to_very_hard_buried_failure_level
google/gemini-3.1-pro-preview,0,441,0.7369614512471655,1.0,0.7369614512471655,0.7482993197278912,1.0,0.7482993197278912,0.7097505668934241,0.9705215419501134,0.7324263038548753,0.7052154195011338,0.9773242630385488,0.7233560090702947,0.031746031746031744,0.009355306625366211,0.022675736961451247,mixed / borderline
google/gemini-3.1-pro-preview,1,159,0.2893081761006289,1.0,0.2893081761006289,0.27672955974842767,1.0,0.27672955974842767,0.2893081761006289,0.9874213836477987,0.2893081761006289,0.3018867924528302,1.0,0.3018867924528302,-0.012578616352201255,0.6875,0.0,little buried-information failure
