llm_name,gold_epu,n_rows,easy_joint_acc,easy_retrieval_rate,easy_epu_acc_only,medium_joint_acc,medium_retrieval_rate,medium_epu_acc_only,hard_joint_acc,hard_retrieval_rate,hard_epu_acc_only,very_hard_joint_acc,very_hard_retrieval_rate,very_hard_epu_acc_only,easy_to_very_hard_drop_pp,easy_to_very_hard_mcnemar_p,easy_to_very_hard_flip_rate,easy_to_very_hard_buried_failure_level
google/gemini-3.1-pro-preview,0,300,0.9266666666666666,1.0,0.9266666666666666,0.93,1.0,0.93,0.9,0.9666666666666667,0.9333333333333333,0.9033333333333333,0.9733333333333334,0.93,0.023333333333333317,0.09228515625,0.02666666666666667,little buried-information failure
google/gemini-3.1-pro-preview,1,300,0.31,1.0,0.31,0.31666666666666665,1.0,0.31666666666666665,0.2966666666666667,0.9833333333333333,0.2966666666666667,0.29333333333333333,0.9933333333333333,0.29333333333333333,0.016666666666666663,0.359283447265625,0.006666666666666667,little buried-information failure
