llm_name,comparison,n_rows,acc_a,acc_b,drop_pp,drop_ci_low,drop_ci_high,flip_rate,flip_rate_ci_low,flip_rate_ci_high,hurt_rate,help_rate,b_hurt,c_helped,discordant_n,mcnemar_p,hurt_help_ratio,shift_level
anthropic/claude-sonnet-4-6@default,single_focus -> multi_focus_epu_first,600,0.6483333333333333,0.6566666666666666,-0.008333333333333304,-0.03333333333333333,0.016666666666666666,0.10033444816053512,0.07874688260839442,0.1270240176937565,0.04666666666666667,0.055,28,33,61,0.6089207154048286,0.8484848484848485,mixed / borderline
anthropic/claude-sonnet-4-6@default,single_focus -> multi_focus_epu_last,600,0.6483333333333333,0.6633333333333333,-0.015000000000000013,-0.03666666666666667,0.006666666666666667,0.07692307692307693,0.058163969575768325,0.10108305040935378,0.03166666666666667,0.04666666666666667,19,28,47,0.24296021728332556,0.6785714285714286,mixed / borderline
anthropic/claude-sonnet-4-6@default,multi_focus_epu_first -> multi_focus_epu_last,600,0.6566666666666666,0.6633333333333333,-0.00666666666666671,-0.023333333333333334,0.01,0.043333333333333335,0.029740998134782655,0.06273602212439733,0.018333333333333333,0.025,11,15,26,0.557197093963623,0.7333333333333333,little focus-shift failure
