llm_name,group_name,group_value,n_rows,clean_acc,clean_acc_ci_low,clean_acc_ci_high,attacked_acc,attacked_acc_ci_low,attacked_acc_ci_high,attack_drop_pp,attack_drop_ci_low,attack_drop_ci_high,flip_rate,flip_rate_ci_low,flip_rate_ci_high,attack_hurt_rate,attack_hurt_ci_low,attack_hurt_ci_high,attack_helped_rate,attack_helped_ci_low,attack_helped_ci_high,b_hurt,c_helped,discordant_n,mcnemar_p,hurt_help_ratio,relative_error_increase,clean_fp_rate_gold0,attacked_fp_rate_gold0,fp_pull_pp,clean_fn_rate_gold1,attacked_fn_rate_gold1,fn_pull_pp,stable_rate,composite_score_mean,attacked_aux_mean,clean_confidence_mean,attacked_confidence_mean,clean_excerpt_in_target_rate,attacked_excerpt_in_target_rate,distraction_level
openai/gpt-5.4-2026-03-05,overall,all,600,0.6483333333333333,0.6092932160959504,0.6854861459366516,0.66,0.6211852791435979,0.696778976532018,-0.011666666666666714,-0.03166666666666667,0.008333333333333333,0.065,0.04791058921339886,0.08762409066852075,0.02666666666666667,0.01647980981438986,0.042875933811913486,0.03833333333333333,0.025677277815960083,0.0568633594533569,16,23,39,0.3367836351899315,0.6956521739130435,-0.03317535545023709,0.38333333333333336,0.36666666666666664,-0.01666666666666672,0.32,0.31333333333333335,-0.006666666666666654,0.935,0.6408999999999999,0.4503333333333334,0.9014000000000001,0.9053166666666668,0.6083333333333333,0.6283333333333333,mixed / borderline
