llm_name,group_name,group_value,n_rows,clean_acc,clean_acc_ci_low,clean_acc_ci_high,attacked_acc,attacked_acc_ci_low,attacked_acc_ci_high,attack_drop_pp,attack_drop_ci_low,attack_drop_ci_high,flip_rate,flip_rate_ci_low,flip_rate_ci_high,attack_hurt_rate,attack_hurt_ci_low,attack_hurt_ci_high,attack_helped_rate,attack_helped_ci_low,attack_helped_ci_high,b_hurt,c_helped,discordant_n,mcnemar_p,hurt_help_ratio,relative_error_increase,clean_fp_rate_gold0,attacked_fp_rate_gold0,fp_pull_pp,clean_fn_rate_gold1,attacked_fn_rate_gold1,fn_pull_pp,stable_rate,composite_score_mean,attacked_aux_mean,clean_confidence_mean,attacked_confidence_mean,clean_excerpt_in_target_rate,attacked_excerpt_in_target_rate,distraction_level
anthropic/claude-sonnet-4-6@default,gold_epu,1,300,0.6566666666666666,0.6012598041861229,0.7081120648301859,0.6733333333333333,0.6183622089237593,0.7239215610517313,-0.01666666666666672,-0.043333333333333335,0.01,0.06333333333333334,0.040916882383915276,0.09679131248552161,0.023333333333333334,0.011347660299125234,0.04737197226827532,0.04,0.023027321487942308,0.06860421203864003,7,12,19,0.359283447265625,0.5833333333333334,-0.04854368932038844,,,,0.3433333333333333,0.32666666666666666,-0.016666666666666663,0.9366666666666666,0.6548666666666666,0.4826666666666667,0.8283333333333333,0.8347666666666665,0.48333333333333334,0.49,mixed / borderline
anthropic/claude-sonnet-4-6@default,gold_epu,0,300,0.63,0.5740445552913591,0.6826682721902588,0.62,0.5638844388564824,0.6730812480496265,0.010000000000000009,-0.016666666666666666,0.03666666666666667,0.05,0.03053164062934728,0.08084703347274415,0.03,0.01586185380943231,0.05602253914164096,0.02,0.009197631557703614,0.04293962081786058,9,6,15,0.6072387695312499,1.5,0.027027027027026973,0.37,0.38,0.010000000000000009,,,,0.95,0.5982000000000001,0.32599999999999996,0.8343666666666665,0.8344333333333332,0.49333333333333335,0.5233333333333333,mixed / borderline
