llm_name,group_name,group_value,n_rows,clean_acc,clean_acc_ci_low,clean_acc_ci_high,attacked_acc,attacked_acc_ci_low,attacked_acc_ci_high,attack_drop_pp,attack_drop_ci_low,attack_drop_ci_high,flip_rate,flip_rate_ci_low,flip_rate_ci_high,attack_hurt_rate,attack_hurt_ci_low,attack_hurt_ci_high,attack_helped_rate,attack_helped_ci_low,attack_helped_ci_high,b_hurt,c_helped,discordant_n,mcnemar_p,hurt_help_ratio,relative_error_increase,clean_fp_rate_gold0,attacked_fp_rate_gold0,fp_pull_pp,clean_fn_rate_gold1,attacked_fn_rate_gold1,fn_pull_pp,stable_rate,composite_score_mean,attacked_aux_mean,clean_confidence_mean,attacked_confidence_mean,clean_excerpt_in_target_rate,attacked_excerpt_in_target_rate,distraction_level
anthropic/claude-sonnet-4-6@default,disagreement_flag,0,429,0.7202797202797203,0.675993610974945,0.7606558738386017,0.7156177156177156,0.6711623691371518,0.7562458567385419,0.004662004662004726,-0.016317016317016316,0.02564102564102564,0.046620046620046623,0.030379202725981255,0.07090836556783042,0.02564102564102564,0.014376712464934332,0.04532519060853957,0.02097902097902098,0.011075609774604337,0.03938503436101673,11,9,20,0.8238029479980469,1.2222222222222223,0.01666666666666683,0.33707865168539325,0.34831460674157305,0.011235955056179803,0.18518518518518517,0.17901234567901234,-0.006172839506172839,0.9533799533799534,0.6786013986013986,0.4023310023310024,0.8334731934731934,0.8367599067599067,0.44988344988344986,0.4731934731934732,little distraction
anthropic/claude-sonnet-4-6@default,disagreement_flag,1,171,0.4502923976608187,0.37763034161599474,0.5251387149071832,0.47368421052631576,0.40024960551336747,0.5482751891165503,-0.023391812865497075,-0.06432748538011696,0.017543859649122806,0.08187134502923976,0.04939360712875908,0.13272257421326822,0.029239766081871343,0.012552802350976933,0.06661296825088595,0.05263157894736842,0.027933598386268188,0.09698791032233443,5,9,14,0.4239501953125,0.5555555555555556,-0.04255319148936165,0.6363636363636364,0.6363636363636364,0.0,0.5289855072463768,0.5,-0.02898550724637683,0.9181286549707602,0.4959064327485381,0.4093567251461988,0.8260233918128653,0.8291812865497076,0.5847953216374269,0.5906432748538012,mixed / borderline
