llm_name,condition,group_name,group_value,n_rows,accuracy,accuracy_sd,valid_prediction_rate,parse_fail_rate,mean_confidence,excerpt_in_target_rate,fp_rate_among_gold0,fn_rate_among_gold1,mean_total_chars,mean_prompt_chars,mean_prompt_tokens
google/gemini-3.1-pro-preview,short,disagreement_flag,0,361,0.7423822714681441,0.4379293171231372,1.0,0.0,0.9461495844875345,0.8393351800554016,0.125,0.4744525547445255,3000.0,4105.8005540166205,1026.994459833795
google/gemini-3.1-pro-preview,short,disagreement_flag,1,139,0.3597122302158273,0.4816516608354733,1.0,0.0,0.9518705035971223,0.9568345323741008,0.19230769230769232,0.7433628318584071,3000.0,4105.812949640288,1026.9928057553957
google/gemini-3.1-pro-preview,medium,disagreement_flag,0,361,0.7534626038781164,0.43159321043326193,1.0,0.0,0.9502216066481993,0.8642659279778393,0.13392857142857142,0.4306569343065693,7000.0,8105.806094182825,2026.994459833795
google/gemini-3.1-pro-preview,medium,disagreement_flag,1,139,0.3597122302158273,0.4816516608354733,1.0,0.0,0.9544604316546764,0.9424460431654677,0.23076923076923078,0.7345132743362832,7000.0,8105.820143884892,2026.9712230215828
google/gemini-3.1-pro-preview,long,disagreement_flag,0,361,0.7617728531855956,0.42659004967676595,1.0,0.0,0.9598060941828254,0.8337950138504155,0.125,0.4233576642335766,13000.0,14105.817174515236,3527.0
google/gemini-3.1-pro-preview,long,disagreement_flag,1,139,0.37410071942446044,0.48563989305257493,1.0,0.0,0.9666906474820144,0.9640287769784173,0.19230769230769232,0.7256637168141593,13000.0,14105.79856115108,3527.0
