llm_name,condition,group_name,group_value,n_rows,accuracy,accuracy_sd,valid_prediction_rate,parse_fail_rate,mean_confidence,excerpt_in_target_rate,fp_rate_among_gold0,fn_rate_among_gold1,mean_total_chars,mean_prompt_chars,mean_prompt_tokens
google/gemini-3.1-pro-preview,short,was_truncated,1,422,0.6421800947867299,0.4799277318736318,1.0,0.0,0.9477251184834122,0.8649289099526066,0.10900473933649289,0.6066350710900474,3000.0,4105.808056872038,1027.0
google/gemini-3.1-pro-preview,short,was_truncated,0,78,0.6025641025641025,0.49253501661378607,1.0,0.0,0.947820512820513,0.9102564102564102,0.2564102564102564,0.5384615384615384,3000.0,4105.782051282052,1026.9615384615386
google/gemini-3.1-pro-preview,medium,was_truncated,1,422,0.6516587677725119,0.4770102825409369,1.0,0.0,0.9520616113744076,0.8886255924170616,0.12796208530805686,0.5687203791469194,7000.0,8105.815165876777,2027.0
google/gemini-3.1-pro-preview,medium,was_truncated,0,78,0.6025641025641025,0.492535016613786,1.0,0.0,0.947820512820513,0.8717948717948718,0.23076923076923078,0.5641025641025641,7000.0,8105.782051282052,2026.923076923077
google/gemini-3.1-pro-preview,long,was_truncated,1,422,0.6611374407582938,0.47388487439124666,1.0,0.0,0.961042654028436,0.8649289099526066,0.12322274881516587,0.5545023696682464,13000.0,14105.791469194313,3527.0
google/gemini-3.1-pro-preview,long,was_truncated,0,78,0.6153846153846154,0.4896531831411287,1.0,0.0,0.9653846153846155,0.8974358974358975,0.1794871794871795,0.5897435897435898,13000.0,14105.923076923076,3527.0
