llm_name,group_name,group_value,n_rows,clean_acc,clean_acc_ci_low,clean_acc_ci_high,attacked_acc,attacked_acc_ci_low,attacked_acc_ci_high,attack_drop_pp,attack_drop_ci_low,attack_drop_ci_high,flip_rate,flip_rate_ci_low,flip_rate_ci_high,attack_hurt_rate,attack_hurt_ci_low,attack_hurt_ci_high,attack_helped_rate,attack_helped_ci_low,attack_helped_ci_high,b_hurt,c_helped,discordant_n,mcnemar_p,hurt_help_ratio,relative_error_increase,clean_fp_rate_gold0,attacked_fp_rate_gold0,fp_pull_pp,clean_fn_rate_gold1,attacked_fn_rate_gold1,fn_pull_pp,stable_rate,composite_score_mean,attacked_aux_mean,clean_confidence_mean,attacked_confidence_mean,clean_excerpt_in_target_rate,attacked_excerpt_in_target_rate,distraction_level
deepseek-ai/deepseek-v3.2,gold_epu,1,300,0.5333333333333333,0.4768149075854061,0.5890088943329576,0.5966666666666667,0.540271195643406,0.6506178299198485,-0.06333333333333335,-0.10666666666666667,-0.02,0.15666666666666668,0.11990681678878562,0.2021080234520693,0.04666666666666667,0.027998933682334012,0.07679736022792105,0.11,0.07940528531126051,0.15045623224388538,14,33,47,0.007942726509483574,0.42424242424242425,-0.1357142857142858,,,,0.4666666666666667,0.4033333333333333,-0.06333333333333335,0.8433333333333334,0.5586666666666666,0.41,0.9137333333333335,0.9160333333333334,0.55,0.5533333333333333,mixed / borderline
deepseek-ai/deepseek-v3.2,gold_epu,0,300,0.8033333333333333,0.7546412316550143,0.8443553658020945,0.69,0.6355391960366674,0.739656474898005,0.1133333333333334,0.07333333333333333,0.15333333333333332,0.14666666666666667,0.11110518744033696,0.19116251222500888,0.13,0.09657536941275233,0.17278042929341172,0.016666666666666666,0.007139477350633333,0.038415394833094495,39,5,44,1.4051624930289108e-07,7.8,0.5762711864406784,0.19666666666666666,0.31,0.11333333333333334,,,,0.8533333333333334,0.6532666666666666,0.19799999999999998,0.9219333333333335,0.9185000000000002,0.62,0.5933333333333334,moderate distraction
