llm_name,group_name,group_value,n_rows,clean_acc,clean_acc_ci_low,clean_acc_ci_high,attacked_acc,attacked_acc_ci_low,attacked_acc_ci_high,attack_drop_pp,attack_drop_ci_low,attack_drop_ci_high,flip_rate,flip_rate_ci_low,flip_rate_ci_high,attack_hurt_rate,attack_hurt_ci_low,attack_hurt_ci_high,attack_helped_rate,attack_helped_ci_low,attack_helped_ci_high,b_hurt,c_helped,discordant_n,mcnemar_p,hurt_help_ratio,relative_error_increase,clean_fp_rate_gold0,attacked_fp_rate_gold0,fp_pull_pp,clean_fn_rate_gold1,attacked_fn_rate_gold1,fn_pull_pp,stable_rate,composite_score_mean,attacked_aux_mean,clean_confidence_mean,attacked_confidence_mean,clean_excerpt_in_target_rate,attacked_excerpt_in_target_rate,distraction_level
deepseek-ai/deepseek-v3.2,overall,all,600,0.6683333333333333,0.629695091696609,0.7048298022954452,0.6433333333333333,0.6042042277210462,0.6806387513216929,0.025000000000000022,-0.005,0.05504166666666606,0.15166666666666667,0.12518715753167084,0.18257816084120734,0.08833333333333333,0.06816693228172024,0.11373753488622668,0.06333333333333334,0.04648712753383062,0.08573542468480135,53,38,91,0.14179337454474714,1.394736842105263,0.07537688442211055,0.19666666666666666,0.31,0.11333333333333334,0.4666666666666667,0.4033333333333333,-0.06333333333333335,0.8483333333333334,0.6059666666666665,0.30399999999999994,0.9178333333333334,0.9172666666666667,0.585,0.5733333333333334,mixed / borderline
