llm_name,group_name,group_value,n_rows,clean_acc,clean_acc_ci_low,clean_acc_ci_high,attacked_acc,attacked_acc_ci_low,attacked_acc_ci_high,attack_drop_pp,attack_drop_ci_low,attack_drop_ci_high,flip_rate,flip_rate_ci_low,flip_rate_ci_high,attack_hurt_rate,attack_hurt_ci_low,attack_hurt_ci_high,attack_helped_rate,attack_helped_ci_low,attack_helped_ci_high,b_hurt,c_helped,discordant_n,mcnemar_p,hurt_help_ratio,relative_error_increase,clean_fp_rate_gold0,attacked_fp_rate_gold0,fp_pull_pp,clean_fn_rate_gold1,attacked_fn_rate_gold1,fn_pull_pp,stable_rate,composite_score_mean,attacked_aux_mean,clean_confidence_mean,attacked_confidence_mean,clean_excerpt_in_target_rate,attacked_excerpt_in_target_rate,distraction_level
deepseek-ai/deepseek-v3.2,disagreement_flag,0,429,0.7715617715617715,0.7295276719110488,0.8087756612188788,0.7272727272727273,0.6832509862844343,0.7672603869358916,0.04428904428904423,0.006993006993006993,0.08158508158508158,0.1561771561771562,0.12489334948789621,0.19356380384545713,0.10023310023310024,0.07526803680326964,0.13229400927584967,0.055944055944055944,0.03787919515319908,0.08189089101631826,43,24,67,0.027119992403126333,1.7916666666666667,0.19387755102040782,0.16853932584269662,0.2846441947565543,0.11610486891385766,0.3271604938271605,0.25308641975308643,-0.07407407407407407,0.8438228438228438,0.6704895104895104,0.2965034965034965,0.9192074592074593,0.9170163170163169,0.5641025641025641,0.5547785547785548,moderate distraction
deepseek-ai/deepseek-v3.2,disagreement_flag,1,171,0.4093567251461988,0.3384358326485445,0.484260682187839,0.4327485380116959,0.3607714617073462,0.507680791235777,-0.023391812865497075,-0.08187134502923976,0.03508771929824561,0.14035087719298245,0.09616334127153492,0.20034218533734172,0.05847953216374269,0.032071705697297115,0.10428873753799042,0.08187134502923976,0.04939360712875908,0.13272257421326822,10,14,24,0.5412561893463135,0.7142857142857143,-0.03960396039603964,0.42424242424242425,0.5151515151515151,0.09090909090909088,0.6304347826086957,0.5797101449275363,-0.050724637681159424,0.8596491228070176,0.444093567251462,0.32280701754385965,0.9143859649122807,0.9178947368421051,0.6374269005847953,0.6198830409356725,mixed / borderline
