llm_name,comparison,n_rows,acc_a,acc_b,drop_pp,drop_ci_low,drop_ci_high,flip_rate,flip_rate_ci_low,flip_rate_ci_high,hurt_rate,help_rate,b_hurt,c_helped,discordant_n,mcnemar_p,hurt_help_ratio,shift_level
google/gemini-3.1-pro-preview,single_focus -> multi_focus_epu_first,600,0.6733333333333333,0.6916666666666667,-0.018333333333333313,-0.03666666666666667,0.0,0.051666666666666666,0.036634743907307504,0.0724029146683108,0.016666666666666666,0.035,10,21,31,0.07075554598122835,0.47619047619047616,mixed / borderline
google/gemini-3.1-pro-preview,single_focus -> multi_focus_epu_last,600,0.6733333333333333,0.675,-0.0016666666666667052,-0.016666666666666666,0.013333333333333334,0.035,0.023004350476005055,0.05291203146673661,0.016666666666666666,0.018333333333333333,10,11,21,1.0,0.9090909090909091,little focus-shift failure
google/gemini-3.1-pro-preview,multi_focus_epu_first -> multi_focus_epu_last,600,0.6916666666666667,0.675,0.016666666666666607,0.0,0.035,0.05,0.03524526778459468,0.07048026312773596,0.03333333333333333,0.016666666666666666,20,10,30,0.09873714670538905,2.0,mixed / borderline
