llm_name,gold_epu,n_rows,single_focus_acc,single_focus_json_valid_rate,single_focus_excerpt_in_target_rate,single_focus_aux_mean,multi_focus_epu_first_acc,multi_focus_epu_first_json_valid_rate,multi_focus_epu_first_excerpt_in_target_rate,multi_focus_epu_first_aux_mean,multi_focus_epu_last_acc,multi_focus_epu_last_json_valid_rate,multi_focus_epu_last_excerpt_in_target_rate,multi_focus_epu_last_aux_mean,single_to_last_drop_pp,single_to_last_mcnemar_p,single_to_last_flip_rate,single_to_last_shift_level
google/gemini-2.5-pro,1,300,0.5566666666666666,0.6933333333333334,0.5766666666666667,0.0,0.5633333333333334,0.6966666666666667,0.5733333333333334,0.41800000000000004,0.5533333333333333,0.6933333333333334,0.5533333333333333,0.4546666666666666,0.0033333333333332993,1.0,0.09178743961352658,mixed / borderline
google/gemini-2.5-pro,0,300,0.3433333333333333,0.6733333333333333,0.5766666666666667,0.0,0.3233333333333333,0.6666666666666666,0.55,0.26199999999999996,0.3566666666666667,0.67,0.56,0.43933333333333335,-0.013333333333333364,0.5412561893463135,0.11442786069651742,mixed / borderline
