llm_name,disagreement_flag,n_rows,single_focus_acc,single_focus_json_valid_rate,single_focus_excerpt_in_target_rate,single_focus_aux_mean,multi_focus_epu_first_acc,multi_focus_epu_first_json_valid_rate,multi_focus_epu_first_excerpt_in_target_rate,multi_focus_epu_first_aux_mean,multi_focus_epu_last_acc,multi_focus_epu_last_json_valid_rate,multi_focus_epu_last_excerpt_in_target_rate,multi_focus_epu_last_aux_mean,single_to_last_drop_pp,single_to_last_mcnemar_p,single_to_last_flip_rate,single_to_last_shift_level
google/gemini-2.5-pro,0,429,0.4662004662004662,0.6853146853146853,0.5641025641025641,0.0,0.4568764568764569,0.682983682983683,0.5431235431235432,0.3435897435897436,0.47785547785547783,0.6853146853146853,0.5524475524475524,0.4629370629370629,-0.011655011655011649,0.48685024166479707,0.10580204778156997,mixed / borderline
google/gemini-2.5-pro,1,171,0.4093567251461988,0.6783625730994152,0.6081871345029239,0.0,0.4093567251461988,0.6783625730994152,0.6081871345029239,0.3309941520467836,0.39766081871345027,0.672514619883041,0.5672514619883041,0.4070175438596491,0.011695906432748537,0.7744140625,0.09565217391304348,mixed / borderline
