llm_name,group_name,group_value,n_rows,clean_acc,clean_acc_ci_low,clean_acc_ci_high,attacked_acc,attacked_acc_ci_low,attacked_acc_ci_high,attack_drop_pp,attack_drop_ci_low,attack_drop_ci_high,flip_rate,flip_rate_ci_low,flip_rate_ci_high,attack_hurt_rate,attack_hurt_ci_low,attack_hurt_ci_high,attack_helped_rate,attack_helped_ci_low,attack_helped_ci_high,b_hurt,c_helped,discordant_n,mcnemar_p,hurt_help_ratio,relative_error_increase,clean_fp_rate_gold0,attacked_fp_rate_gold0,fp_pull_pp,clean_fn_rate_gold1,attacked_fn_rate_gold1,fn_pull_pp,stable_rate,composite_score_mean,attacked_aux_mean,clean_confidence_mean,attacked_confidence_mean,clean_excerpt_in_target_rate,attacked_excerpt_in_target_rate,distraction_level
qwen/qwen3-235b-a22b-instruct-2507,disagreement_flag,0,429,0.7645687645687645,0.7221827478234447,0.8022586968997037,0.7575757575757576,0.7148526967794001,0.7957268595369692,0.006993006993006978,-0.02097902097902098,0.03496503496503497,0.08391608391608392,0.06122903636426021,0.11398860343237416,0.04895104895104895,0.03223701256359725,0.07367118519914084,0.04195804195804196,0.026702759227958207,0.06534355012800064,21,18,39,0.7492586247608418,1.1666666666666667,0.02970297029702973,0.14606741573033707,0.1947565543071161,0.048689138576779034,0.35802469135802467,0.30864197530864196,-0.04938271604938271,0.9150943396226415,0.7233255633255635,0.4974358974358974,0.9335664335664334,0.9377622377622375,0.585081585081585,0.62004662004662,mixed / borderline
qwen/qwen3-235b-a22b-instruct-2507,disagreement_flag,1,171,0.4152046783625731,0.3440042740249,0.49013117533816836,0.4093567251461988,0.3384358326485445,0.484260682187839,0.005847953216374269,-0.029239766081871343,0.04093567251461988,0.05263157894736842,0.027933598386268188,0.09698791032233443,0.029239766081871343,0.012552802350976933,0.06661296825088595,0.023391812865497075,0.009133350315669333,0.058593485759508596,5,4,9,1.0,1.25,0.010000000000000009,0.2727272727272727,0.36363636363636365,0.09090909090909094,0.6594202898550725,0.6376811594202898,-0.021739130434782705,0.9470588235294117,0.47824561403508775,0.4760233918128655,0.9383040935672514,0.935672514619883,0.5964912280701754,0.6842105263157895,mixed / borderline
