llm_name,group_name,group_value,n_rows,clean_acc,clean_acc_ci_low,clean_acc_ci_high,attacked_acc,attacked_acc_ci_low,attacked_acc_ci_high,attack_drop_pp,attack_drop_ci_low,attack_drop_ci_high,flip_rate,flip_rate_ci_low,flip_rate_ci_high,attack_hurt_rate,attack_hurt_ci_low,attack_hurt_ci_high,attack_helped_rate,attack_helped_ci_low,attack_helped_ci_high,b_hurt,c_helped,discordant_n,mcnemar_p,hurt_help_ratio,relative_error_increase,clean_fp_rate_gold0,attacked_fp_rate_gold0,fp_pull_pp,clean_fn_rate_gold1,attacked_fn_rate_gold1,fn_pull_pp,stable_rate,composite_score_mean,attacked_aux_mean,clean_confidence_mean,attacked_confidence_mean,clean_excerpt_in_target_rate,attacked_excerpt_in_target_rate,distraction_level
qwen/qwen3-235b-a22b-instruct-2507,gold_epu,1,300,0.5,0.4437795161339169,0.5562204838660831,0.5333333333333333,0.4768149075854061,0.5890088943329576,-0.033333333333333326,-0.06666666666666667,-0.0033333333333333335,0.07666666666666666,0.051627611786607464,0.1124101038501748,0.023333333333333334,0.011347660299125234,0.04737197226827532,0.056666666666666664,0.03567747646328951,0.08886595802247463,7,17,24,0.06391465663909912,0.4117647058823529,-0.06666666666666665,,,,0.49666666666666665,0.46,-0.036666666666666625,0.9225589225589226,0.5560222222222222,0.5226666666666667,0.9371666666666666,0.9353333333333335,0.53,0.6,mixed / borderline
qwen/qwen3-235b-a22b-instruct-2507,gold_epu,0,300,0.83,0.7833857374317239,0.8682699015600757,0.7833333333333333,0.7332901513759227,0.8262121649301679,0.046666666666666634,0.016666666666666666,0.08,0.07333333333333333,0.04892399383922859,0.10853134160571733,0.06333333333333334,0.040916882383915276,0.09679131248552161,0.016666666666666666,0.007139477350633333,0.038415394833094495,19,5,24,0.006610751152038574,3.8,0.2745098039215683,0.16,0.21333333333333335,0.053333333333333344,,,,0.9259259259259259,0.7509333333333332,0.46,0.9326666666666668,0.939,0.6466666666666666,0.6766666666666666,moderate distraction
