llm_name,condition,section_retrieval_rate,joint_accuracy,epu_accuracy_only,excerpt_in_target_rate,json_valid_rate,confidence_mean
deepseek-ai/deepseek-v3.2,easy,0.9966666666666667,0.655,0.655,0.5716666666666667,1.0,0.9064000000000001
deepseek-ai/deepseek-v3.2,medium,0.9983333333333333,0.6266666666666667,0.6283333333333333,0.4666666666666667,1.0,0.9064000000000001
deepseek-ai/deepseek-v3.2,hard,0.9316666666666666,0.59,0.6366666666666667,0.45666666666666667,1.0,0.8994166666666669
deepseek-ai/deepseek-v3.2,very_hard,0.9283333333333333,0.58,0.625,0.535,1.0,0.8927166666666667
