llm_name,disagreement_flag,n_rows,easy_joint_acc,easy_retrieval_rate,easy_epu_acc_only,medium_joint_acc,medium_retrieval_rate,medium_epu_acc_only,hard_joint_acc,hard_retrieval_rate,hard_epu_acc_only,very_hard_joint_acc,very_hard_retrieval_rate,very_hard_epu_acc_only,easy_to_very_hard_drop_pp,easy_to_very_hard_mcnemar_p,easy_to_very_hard_flip_rate,easy_to_very_hard_buried_failure_level
deepseek-ai/deepseek-v3.2,0,441,0.7573696145124716,0.9977324263038548,0.7573696145124716,0.7165532879818595,0.9977324263038548,0.7188208616780045,0.6802721088435374,0.9365079365079365,0.7278911564625851,0.6621315192743764,0.9206349206349206,0.7165532879818595,0.09523809523809523,2.148435253799241e-05,0.07709750566893424,moderate buried-information failure
deepseek-ai/deepseek-v3.2,1,159,0.3710691823899371,0.9937106918238994,0.3710691823899371,0.37735849056603776,1.0,0.37735849056603776,0.33962264150943394,0.9182389937106918,0.3836477987421384,0.3522012578616352,0.949685534591195,0.3710691823899371,0.018867924528301883,0.7283324808813632,0.05660377358490566,mixed / borderline
