llm_name,comparison,n_rows,acc_a,acc_b,drop_pp,drop_ci_low,drop_ci_high,flip_rate,flip_rate_ci_low,flip_rate_ci_high,hurt_rate,help_rate,mcnemar_p,discordant_n,n01,n10
google/gemini-3.1-pro-preview,easy -> medium,499,0.6813627254509018,0.6833667334669339,0.2004008016032066,-1.6032064128256511,2.2044088176352705,0.050100200400801605,0.034162290478427115,0.07291238273874505,0.02404809619238477,0.026052104208416832,1.0,25,13,12
google/gemini-3.1-pro-preview,easy -> hard,499,0.6813627254509018,0.6793587174348698,-0.2004008016032066,-2.2044088176352705,2.004008016032064,0.05811623246492986,0.04076560729718012,0.08221864857981971,0.03006012024048096,0.028056112224448898,1.0,29,14,15
google/gemini-3.1-pro-preview,easy -> very_hard,500,0.682,0.678,-0.40000000000000036,-2.0,1.2,0.036,0.022890872735181415,0.05618477326149691,0.02,0.016,0.8145294189453125,18,8,10
google/gemini-3.1-pro-preview,medium -> hard,499,0.6833667334669339,0.6793587174348698,-0.4008016032064132,-2.2044088176352705,1.402805611222445,0.04008016032064128,0.026093076718564433,0.061094618173823126,0.022044088176352707,0.018036072144288578,0.8238029479980469,20,9,11
google/gemini-3.1-pro-preview,medium -> very_hard,499,0.6833667334669339,0.6773547094188377,-0.6012024048096198,-2.6052104208416833,1.402805611222445,0.050100200400801605,0.034162290478427115,0.07291238273874505,0.028056112224448898,0.022044088176352707,0.6900379657745361,25,11,14
google/gemini-3.1-pro-preview,hard -> very_hard,499,0.6793587174348698,0.6773547094188377,-0.2004008016032066,-2.2044088176352705,1.8036072144288577,0.05410821643286573,0.037449530442118184,0.0775799341049678,0.028056112224448898,0.026052104208416832,1.0,27,13,14
