llm_name,disagreement_flag,n_rows,easy_acc,easy_epu_only_acc,easy_section_retrieval_rate,medium_acc,medium_epu_only_acc,medium_section_retrieval_rate,hard_acc,hard_epu_only_acc,hard_section_retrieval_rate,very_hard_acc,very_hard_epu_only_acc,very_hard_section_retrieval_rate
google/gemini-3.1-pro-preview,0,362,0.7928176795580111,0.7928176795580111,1.0,0.7977839335180056,0.7977839335180056,1.0,0.7922437673130194,0.7922437673130194,1.0,0.7983425414364641,0.7983425414364641,1.0
google/gemini-3.1-pro-preview,1,138,0.391304347826087,0.391304347826087,1.0,0.38405797101449274,0.38405797101449274,1.0,0.38405797101449274,0.38405797101449274,1.0,0.36231884057971014,0.36231884057971014,1.0
