llm_name,condition,disagreement_flag,mean,std,count
🤖 qwen/qwen3-235b-a22b-instruct-2507,short,0,0.752913752913753,0.43182090494315983,429
🤖 qwen/qwen3-235b-a22b-instruct-2507,short,1,0.391812865497076,0.48958889123604576,171
🤖 qwen/qwen3-235b-a22b-instruct-2507,medium,0,0.7692307692307693,0.4218169592233407,429
🤖 qwen/qwen3-235b-a22b-instruct-2507,medium,1,0.38596491228070173,0.48825207923700337,171
🤖 qwen/qwen3-235b-a22b-instruct-2507,long,0,0.7715617715617715,0.42031656297915654,429
🤖 qwen/qwen3-235b-a22b-instruct-2507,long,1,0.391812865497076,0.48958889123604576,171
