llm_name,condition,gold_epu,mean,std,count
🤖 qwen/qwen3-235b-a22b-instruct-2507,short,1,0.4066666666666667,0.49203239236797536,300
🤖 qwen/qwen3-235b-a22b-instruct-2507,short,0,0.8933333333333333,0.3092047555018715,300
🤖 qwen/qwen3-235b-a22b-instruct-2507,medium,1,0.47,0.4999331058930713,300
🤖 qwen/qwen3-235b-a22b-instruct-2507,medium,0,0.85,0.3576680324053048,300
🤖 qwen/qwen3-235b-a22b-instruct-2507,long,1,0.46,0.49923017660270613,300
🤖 qwen/qwen3-235b-a22b-instruct-2507,long,0,0.8666666666666667,0.3405026123034994,300
