llm_name,comparison,n_rows,acc_a,acc_b,drop_pp,drop_ci_low,drop_ci_high,flip_rate,flip_rate_ci_low,flip_rate_ci_high,hurt_rate,help_rate,b_hurt,c_helped,discordant_n,mcnemar_p,hurt_help_ratio,shift_level
deepseek-ai/deepseek-v3.2,single_focus -> multi_focus_epu_first,600,0.6383333333333333,0.66,-0.021666666666666723,-0.055,0.01,0.15833333333333333,0.13130914966399204,0.18970467936203678,0.06833333333333333,0.09,41,54,95,0.21805368187049967,0.7592592592592593,mixed / borderline
deepseek-ai/deepseek-v3.2,single_focus -> multi_focus_epu_last,600,0.6383333333333333,0.6316666666666667,0.006666666666666599,-0.025,0.03666666666666667,0.15,0.12365957580215664,0.18079361490743384,0.07833333333333334,0.07166666666666667,47,43,90,0.7520332015985951,1.0930232558139534,mixed / borderline
deepseek-ai/deepseek-v3.2,multi_focus_epu_first -> multi_focus_epu_last,600,0.66,0.6316666666666667,0.02833333333333332,-0.006666666666666667,0.06166666666666667,0.185,0.15596845243160834,0.21803941920702313,0.10666666666666667,0.07833333333333334,64,47,111,0.1284754320857598,1.3617021276595744,mixed / borderline
