llm_name,condition,group_name,group_value,n_rows,accuracy,accuracy_sd,valid_prediction_rate,parse_fail_rate,mean_confidence,excerpt_in_target_rate,fp_rate_among_gold0,fn_rate_among_gold1,mean_total_chars,mean_prompt_chars,mean_prompt_tokens
deepseek-ai/deepseek-v3.2,short,disagreement_flag,0,361,0.7285318559556787,0.4453342124606358,1.0,0.0,0.8587534626038781,0.5401662049861495,0.19196428571428573,0.40145985401459855,3000.0,4105.8005540166205,1026.994459833795
deepseek-ai/deepseek-v3.2,short,disagreement_flag,1,139,0.3669064748201439,0.4837037794581729,1.0,0.0,0.8582733812949641,0.6187050359712231,0.34615384615384615,0.6991150442477876,3000.0,4105.812949640288,1026.9928057553957
deepseek-ai/deepseek-v3.2,medium,disagreement_flag,0,361,0.7063711911357341,0.4560559975984546,0.997229916897507,0.002770083102493075,0.8565096952908587,0.5761772853185596,0.24553571428571427,0.36496350364963503,7000.0,8105.806094182825,2026.994459833795
deepseek-ai/deepseek-v3.2,medium,disagreement_flag,1,139,0.4316546762589928,0.4970982422983309,1.0,0.0,0.8627338129496402,0.6834532374100719,0.4230769230769231,0.6017699115044248,7000.0,8105.820143884892,2026.9712230215828
deepseek-ai/deepseek-v3.2,long,disagreement_flag,0,361,0.7562326869806094,0.42994985642479816,1.0,0.0,0.8649584487534626,0.592797783933518,0.22767857142857142,0.27007299270072993,13000.0,14105.817174515236,3527.0
deepseek-ai/deepseek-v3.2,long,disagreement_flag,1,139,0.4028776978417266,0.4922504438053314,1.0,0.0,0.8616546762589928,0.5323741007194245,0.46153846153846156,0.6283185840707964,13000.0,14105.79856115108,3527.0
