llm_name,condition,group_name,group_value,n_rows,accuracy,accuracy_sd,valid_prediction_rate,parse_fail_rate,mean_confidence,excerpt_in_target_rate,fp_rate_among_gold0,fn_rate_among_gold1,mean_total_chars,mean_prompt_chars,mean_prompt_tokens
deepseek-ai/deepseek-v3.2,short,was_truncated,1,422,0.6327014218009479,0.4826409935879467,1.0,0.0,0.861042654028436,0.5639810426540285,0.1895734597156398,0.5450236966824644,3000.0,4105.808056872038,1027.0
deepseek-ai/deepseek-v3.2,short,was_truncated,0,78,0.6025641025641025,0.492535016613786,1.0,0.0,0.8455128205128204,0.5512820512820513,0.3076923076923077,0.48717948717948717,3000.0,4105.782051282052,1026.9615384615386
deepseek-ai/deepseek-v3.2,medium,was_truncated,1,422,0.6540284360189573,0.47624858191762187,0.9976303317535545,0.002369668246445498,0.8593364928909952,0.5947867298578199,0.23222748815165878,0.4549763033175355,7000.0,8105.815165876777,2027.0
deepseek-ai/deepseek-v3.2,medium,was_truncated,0,78,0.5,0.5032362797401965,1.0,0.0,0.8523076923076923,0.6666666666666666,0.4358974358974359,0.5641025641025641,7000.0,8105.782051282052,2026.923076923077
deepseek-ai/deepseek-v3.2,long,was_truncated,1,422,0.6824644549763034,0.4660702366375624,1.0,0.0,0.864478672985782,0.5687203791469194,0.22274881516587677,0.41232227488151657,13000.0,14105.791469194313,3527.0
deepseek-ai/deepseek-v3.2,long,was_truncated,0,78,0.5256410256410257,0.5025741264537528,1.0,0.0,0.8616666666666668,0.6153846153846154,0.41025641025641024,0.5384615384615384,13000.0,14105.923076923076,3527.0
