llm_name,condition,group_name,group_value,n_rows,accuracy,accuracy_sd,valid_prediction_rate,parse_fail_rate,mean_confidence,excerpt_in_target_rate,fp_rate_among_gold0,fn_rate_among_gold1,mean_total_chars,mean_prompt_chars,mean_prompt_tokens
anthropic/claude-sonnet-4-6@default,short,disagreement_flag,0,361,0.703601108033241,0.4573028371742928,0.9944598337950139,0.00554016620498615,0.8237119113573406,0.5207756232686981,0.20089285714285715,0.43795620437956206,3000.0,4105.8005540166205,1026.994459833795
anthropic/claude-sonnet-4-6@default,short,disagreement_flag,1,139,0.39568345323741005,0.49076552203956963,0.9856115107913669,0.014388489208633094,0.8128776978417265,0.5323741007194245,0.34615384615384615,0.6460176991150443,3000.0,4105.812949640288,1026.9928057553957
anthropic/claude-sonnet-4-6@default,medium,disagreement_flag,0,361,0.7008310249307479,0.45852950557104216,0.9584487534626038,0.04155124653739612,0.7943490304709141,0.4930747922437673,0.19642857142857142,0.35766423357664234,7000.0,8105.806094182825,2026.994459833795
anthropic/claude-sonnet-4-6@default,medium,disagreement_flag,1,139,0.39568345323741005,0.4907655220395697,0.9784172661870504,0.02158273381294964,0.807410071942446,0.5827338129496403,0.38461538461538464,0.6283185840707964,7000.0,8105.820143884892,2026.9712230215828
anthropic/claude-sonnet-4-6@default,long,disagreement_flag,0,361,0.7285318559556787,0.44533421246063587,0.9916897506925207,0.008310249307479225,0.8246814404432133,0.5013850415512465,0.19642857142857142,0.3722627737226277,13000.0,14105.817174515236,3527.0
anthropic/claude-sonnet-4-6@default,long,disagreement_flag,1,139,0.4028776978417266,0.4922504438053314,0.9928057553956835,0.007194244604316547,0.817410071942446,0.539568345323741,0.38461538461538464,0.6371681415929203,13000.0,14105.79856115108,3527.0
