llm_name,condition,group_name,group_value,n_rows,accuracy,accuracy_sd,valid_prediction_rate,parse_fail_rate,mean_confidence,excerpt_in_target_rate,fp_rate_among_gold0,fn_rate_among_gold1,mean_total_chars,mean_prompt_chars,mean_prompt_tokens
anthropic/claude-sonnet-4-6@default,short,was_truncated,1,422,0.6303317535545023,0.48328781339980603,0.990521327014218,0.009478672985781991,0.821350710900474,0.5284360189573459,0.1990521327014218,0.5213270142180095,3000.0,4105.808056872038,1027.0
anthropic/claude-sonnet-4-6@default,short,was_truncated,0,78,0.5512820512820513,0.5005824113797352,1.0,0.0,0.8171794871794873,0.5,0.3076923076923077,0.5897435897435898,3000.0,4105.782051282052,1026.9615384615386
anthropic/claude-sonnet-4-6@default,medium,was_truncated,1,422,0.6327014218009479,0.4826409935879467,0.966824644549763,0.03317535545023697,0.800781990521327,0.5118483412322274,0.1943127962085308,0.47393364928909953,7000.0,8105.815165876777,2027.0
anthropic/claude-sonnet-4-6@default,medium,was_truncated,0,78,0.5256410256410257,0.5025741264537528,0.9487179487179487,0.05128205128205128,0.7828205128205129,0.5512820512820513,0.3333333333333333,0.5128205128205128,7000.0,8105.782051282052,2026.923076923077
anthropic/claude-sonnet-4-6@default,long,was_truncated,1,422,0.6492890995260664,0.47775898755511237,0.9928909952606635,0.0071090047393364926,0.8241943127962086,0.5071090047393365,0.1990521327014218,0.4881516587677725,13000.0,14105.791469194313,3527.0
anthropic/claude-sonnet-4-6@default,long,was_truncated,0,78,0.5769230769230769,0.4972451580988469,0.9871794871794872,0.01282051282051282,0.8143589743589744,0.5384615384615384,0.3076923076923077,0.5128205128205128,13000.0,14105.923076923076,3527.0
