llm_name,group_name,group_value,n_rows,clean_acc,clean_acc_ci_low,clean_acc_ci_high,attacked_acc,attacked_acc_ci_low,attacked_acc_ci_high,attack_drop_pp,attack_drop_ci_low,attack_drop_ci_high,flip_rate,flip_rate_ci_low,flip_rate_ci_high,attack_hurt_rate,attack_hurt_ci_low,attack_hurt_ci_high,attack_helped_rate,attack_helped_ci_low,attack_helped_ci_high,b_hurt,c_helped,discordant_n,mcnemar_p,hurt_help_ratio,relative_error_increase,clean_fp_rate_gold0,attacked_fp_rate_gold0,fp_pull_pp,clean_fn_rate_gold1,attacked_fn_rate_gold1,fn_pull_pp,stable_rate,composite_score_mean,attacked_aux_mean,clean_confidence_mean,attacked_confidence_mean,clean_excerpt_in_target_rate,attacked_excerpt_in_target_rate,distraction_level
google/gemini-2.5-pro,gold_epu,1,300,0.8566666666666667,0.8124994228503402,0.8918152576761502,0.8333333333333334,0.7870033503873166,0.8712346687963193,0.023333333333333317,0.0,0.05,0.05,0.03053164062934728,0.08084703347274415,0.03666666666666667,0.020595305162853027,0.06445384817189295,0.013333333333333334,0.005196961739358857,0.03377553025253262,11,4,15,0.11846923828124999,2.75,0.16279069767441845,,,,0.14333333333333334,0.16666666666666666,0.023333333333333317,0.95,0.7980666666666667,0.552,0.9811666666666667,0.9790000000000002,0.8266666666666667,0.84,mixed / borderline
google/gemini-2.5-pro,gold_epu,0,300,0.41333333333333333,0.3590487301690917,0.46980938484316287,0.36666666666666664,0.3141415065082282,0.4225632858183173,0.04666666666666669,0.006666666666666667,0.08666666666666667,0.11666666666666667,0.08509313461466292,0.15793314332415567,0.08666666666666667,0.05982889751804311,0.12395595869424827,0.04,0.023027321487942308,0.06860421203864003,26,12,38,0.03355243967962451,2.1666666666666665,0.07954545454545459,0.5833333333333334,0.6266666666666667,0.043333333333333335,,,,0.8821548821548821,0.4358740740740741,0.36399999999999993,0.9628333333333334,0.9538333333333333,0.86,0.8666666666666667,moderate distraction
