llm_name,group_name,group_value,n_rows,clean_acc,clean_acc_ci_low,clean_acc_ci_high,attacked_acc,attacked_acc_ci_low,attacked_acc_ci_high,attack_drop_pp,attack_drop_ci_low,attack_drop_ci_high,flip_rate,flip_rate_ci_low,flip_rate_ci_high,attack_hurt_rate,attack_hurt_ci_low,attack_hurt_ci_high,attack_helped_rate,attack_helped_ci_low,attack_helped_ci_high,b_hurt,c_helped,discordant_n,mcnemar_p,hurt_help_ratio,relative_error_increase,clean_fp_rate_gold0,attacked_fp_rate_gold0,fp_pull_pp,clean_fn_rate_gold1,attacked_fn_rate_gold1,fn_pull_pp,stable_rate,composite_score_mean,attacked_aux_mean,clean_confidence_mean,attacked_confidence_mean,clean_excerpt_in_target_rate,attacked_excerpt_in_target_rate,distraction_level
google/gemini-2.5-pro,disagreement_flag,0,429,0.627039627039627,0.5803404288062637,0.6714838772502261,0.5920745920745921,0.5449522184829876,0.637562645539606,0.03496503496503489,0.006993006993006993,0.06293706293706294,0.08857808857808858,0.06521413279926261,0.11924476593522457,0.06526806526806526,0.04553961105678906,0.09271299298843397,0.030303030303030304,0.017793274415175142,0.051149887596151605,28,13,41,0.027533155829587486,2.1538461538461537,0.09374999999999978,0.5730337078651685,0.6179775280898876,0.0449438202247191,0.037037037037037035,0.04938271604938271,0.012345679012345678,0.9107981220657277,0.608023828023828,0.44428904428904437,0.9713286713286714,0.9636363636363637,0.8181818181818182,0.8275058275058275,moderate distraction
google/gemini-2.5-pro,disagreement_flag,1,171,0.6549707602339181,0.5810200733160932,0.7221116916410576,0.6198830409356725,0.5452494617509286,0.6892486960461125,0.03508771929824561,-0.005847953216374269,0.07602339181286549,0.07017543859649122,0.04059587411660809,0.11864243817204934,0.05263157894736842,0.027933598386268188,0.09698791032233443,0.017543859649122806,0.005984136416366331,0.05030376513212667,9,3,12,0.14599609375,3.0,0.10169491525423724,0.6666666666666666,0.696969696969697,0.030303030303030387,0.26811594202898553,0.30434782608695654,0.03623188405797101,0.9298245614035088,0.6394152046783625,0.49239766081871345,0.9736842105263159,0.973391812865497,0.9064327485380117,0.9181286549707602,mixed / borderline
