llm_name,group_name,group_value,n_rows,clean_acc,clean_acc_ci_low,clean_acc_ci_high,attacked_acc,attacked_acc_ci_low,attacked_acc_ci_high,attack_drop_pp,attack_drop_ci_low,attack_drop_ci_high,flip_rate,flip_rate_ci_low,flip_rate_ci_high,attack_hurt_rate,attack_hurt_ci_low,attack_hurt_ci_high,attack_helped_rate,attack_helped_ci_low,attack_helped_ci_high,b_hurt,c_helped,discordant_n,mcnemar_p,hurt_help_ratio,relative_error_increase,clean_fp_rate_gold0,attacked_fp_rate_gold0,fp_pull_pp,clean_fn_rate_gold1,attacked_fn_rate_gold1,fn_pull_pp,stable_rate,composite_score_mean,attacked_aux_mean,clean_confidence_mean,attacked_confidence_mean,clean_excerpt_in_target_rate,attacked_excerpt_in_target_rate,distraction_level
google/gemini-2.5-pro,overall,all,600,0.635,0.5957325666291482,0.6725497740971527,0.6,0.5602842577964939,0.6384434020007659,0.03500000000000003,0.011666666666666667,0.058333333333333334,0.08333333333333333,0.0637806745789658,0.10818740959911813,0.06166666666666667,0.045067361772116676,0.08384306278322762,0.02666666666666667,0.01647980981438986,0.042875933811913486,37,16,53,0.005486344876760141,2.3125,0.09589041095890427,0.5833333333333334,0.6266666666666667,0.043333333333333335,0.14333333333333334,0.16666666666666666,0.023333333333333317,0.916247906197655,0.6169703703703704,0.4579999999999999,0.9719999999999999,0.9664166666666667,0.8433333333333334,0.8533333333333334,moderate distraction
