llm_name,comparison,n_rows,acc_a,acc_b,drop_pp,drop_ci_low,drop_ci_high,flip_rate,flip_rate_ci_low,flip_rate_ci_high,hurt_rate,help_rate,b_hurt,c_helped,discordant_n,mcnemar_p,buried_failure_level
google/gemini-2.5-flash,easy -> medium,600,0.6833333333333333,0.67,0.013333333333333308,-0.011666666666666667,0.03833333333333333,0.0016666666666666668,0.0002942682008495647,0.009379560476138811,0.056666666666666664,0.043333333333333335,34,26,60,0.36629400670329104,little buried-information failure
google/gemini-2.5-flash,easy -> hard,600,0.6833333333333333,0.6416666666666667,0.04166666666666663,0.015,0.07,0.03,0.01905925662590196,0.046920742326976704,0.08,0.03833333333333333,48,23,71,0.004065116124638666,mixed / borderline
google/gemini-2.5-flash,easy -> very_hard,600,0.6833333333333333,0.655,0.02833333333333332,0.0,0.058333333333333334,0.02666666666666667,0.01647980981438986,0.042875933811913486,0.08333333333333333,0.055,50,33,83,0.07841962481580764,little buried-information failure
