llm_name,condition,section_retrieval_rate,joint_accuracy,epu_accuracy_only,excerpt_in_target_rate,json_valid_rate,confidence_mean
google/gemini-2.5-flash,easy,1.0,0.6833333333333333,0.6833333333333333,0.6016666666666667,1.0,0.9655999999999998
google/gemini-2.5-flash,medium,0.9983333333333333,0.67,0.67,0.5116666666666667,0.9983333333333333,0.9615500000000001
google/gemini-2.5-flash,hard,0.97,0.6416666666666667,0.6616666666666666,0.5066666666666667,0.9966666666666667,0.9595000000000001
google/gemini-2.5-flash,very_hard,0.9733333333333334,0.655,0.6716666666666666,0.5416666666666666,0.9983333333333333,0.9584166666666666
