llm_name,gold_epu,n_rows,easy_joint_acc,easy_retrieval_rate,easy_epu_acc_only,medium_joint_acc,medium_retrieval_rate,medium_epu_acc_only,hard_joint_acc,hard_retrieval_rate,hard_epu_acc_only,very_hard_joint_acc,very_hard_retrieval_rate,very_hard_epu_acc_only,easy_to_very_hard_drop_pp,easy_to_very_hard_mcnemar_p,easy_to_very_hard_flip_rate,easy_to_very_hard_buried_failure_level
google/gemini-2.5-flash,0,300,0.8033333333333333,1.0,0.8033333333333333,0.77,0.9966666666666667,0.77,0.7233333333333334,0.96,0.7566666666666667,0.7366666666666667,0.9666666666666667,0.7666666666666667,0.06666666666666665,0.0008213953115046024,0.03333333333333333,mixed / borderline
google/gemini-2.5-flash,1,300,0.5633333333333334,1.0,0.5633333333333334,0.57,1.0,0.57,0.56,0.98,0.5666666666666667,0.5733333333333334,0.98,0.5766666666666667,-0.010000000000000009,0.7754496546815659,0.02,little buried-information failure
