llm_name,disagreement_flag,n_rows,easy_joint_acc,easy_retrieval_rate,easy_epu_acc_only,medium_joint_acc,medium_retrieval_rate,medium_epu_acc_only,hard_joint_acc,hard_retrieval_rate,hard_epu_acc_only,very_hard_joint_acc,very_hard_retrieval_rate,very_hard_epu_acc_only,easy_to_very_hard_drop_pp,easy_to_very_hard_mcnemar_p,easy_to_very_hard_flip_rate,easy_to_very_hard_buried_failure_level
google/gemini-2.5-flash,0,441,0.782312925170068,1.0,0.782312925170068,0.764172335600907,1.0,0.764172335600907,0.7392290249433107,0.9682539682539683,0.7619047619047619,0.7369614512471655,0.9705215419501134,0.7596371882086168,0.04535147392290251,0.011928139715763179,0.02947845804988662,mixed / borderline
google/gemini-2.5-flash,1,159,0.4088050314465409,1.0,0.4088050314465409,0.4088050314465409,0.9937106918238994,0.4088050314465409,0.3710691823899371,0.9748427672955975,0.3836477987421384,0.4276729559748428,0.9811320754716981,0.4276729559748428,-0.018867924528301883,0.6900379657745361,0.018867924528301886,little buried-information failure
