llm_name,comparison,n_rows,acc_a,acc_b,drop_pp,drop_ci_low,drop_ci_high,flip_rate,flip_rate_ci_low,flip_rate_ci_high,hurt_rate,help_rate,b_hurt,c_helped,discordant_n,mcnemar_p,buried_failure_level
google/gemini-2.5-pro,easy -> medium,600,0.6566666666666666,0.6733333333333333,-0.01666666666666672,-0.041666666666666664,0.008333333333333333,0.0016666666666666668,0.0002942682008495647,0.009379560476138811,0.03833333333333333,0.055,23,33,56,0.2288055412343561,little buried-information failure
google/gemini-2.5-pro,easy -> hard,600,0.6566666666666666,0.6366666666666667,0.019999999999999907,-0.005,0.04666666666666667,0.03833333333333333,0.025677277815960083,0.0568633594533569,0.06166666666666667,0.041666666666666664,37,25,62,0.16188140552559763,little buried-information failure
google/gemini-2.5-pro,easy -> very_hard,600,0.6566666666666666,0.64,0.016666666666666607,-0.008333333333333333,0.041666666666666664,0.03166666666666667,0.02036491148565182,0.048927215130514526,0.056666666666666664,0.04,34,24,58,0.23704711476271959,little buried-information failure
