llm_name,condition,section_retrieval_rate,joint_accuracy,epu_accuracy_only,excerpt_in_target_rate,json_valid_rate,confidence_mean
google/gemini-2.5-pro,easy,0.9983333333333333,0.6566666666666666,0.6566666666666666,0.8083333333333333,0.9983333333333333,0.9785833333333335
google/gemini-2.5-pro,medium,1.0,0.6733333333333333,0.6733333333333333,0.8083333333333333,1.0,0.9798333333333333
google/gemini-2.5-pro,hard,0.9633333333333334,0.6366666666666667,0.6583333333333333,0.7616666666666667,0.9983333333333333,0.9773333333333335
google/gemini-2.5-pro,very_hard,0.97,0.64,0.6616666666666666,0.8,0.9983333333333333,0.9760833333333333
