llm_name,disagreement_flag,n_rows,easy_joint_acc,easy_retrieval_rate,easy_epu_acc_only,medium_joint_acc,medium_retrieval_rate,medium_epu_acc_only,hard_joint_acc,hard_retrieval_rate,hard_epu_acc_only,very_hard_joint_acc,very_hard_retrieval_rate,very_hard_epu_acc_only,easy_to_very_hard_drop_pp,easy_to_very_hard_mcnemar_p,easy_to_very_hard_flip_rate,easy_to_very_hard_buried_failure_level
google/gemini-2.5-pro,0,441,0.7324263038548753,0.9977324263038548,0.7324263038548753,0.7324263038548753,1.0,0.7324263038548753,0.7074829931972789,0.9614512471655329,0.7301587301587301,0.7052154195011338,0.9614512471655329,0.7324263038548753,0.027210884353741527,0.10380535550410741,0.04081632653061224,little buried-information failure
google/gemini-2.5-pro,1,159,0.44654088050314467,1.0,0.44654088050314467,0.5094339622641509,1.0,0.5094339622641509,0.44025157232704404,0.9685534591194969,0.4591194968553459,0.4591194968553459,0.9937106918238994,0.46540880503144655,-0.012578616352201255,0.7744140625,0.006289308176100629,little buried-information failure
