llm_name,gold_epu,n_rows,easy_joint_acc,easy_retrieval_rate,easy_epu_acc_only,medium_joint_acc,medium_retrieval_rate,medium_epu_acc_only,hard_joint_acc,hard_retrieval_rate,hard_epu_acc_only,very_hard_joint_acc,very_hard_retrieval_rate,very_hard_epu_acc_only,easy_to_very_hard_drop_pp,easy_to_very_hard_mcnemar_p,easy_to_very_hard_flip_rate,easy_to_very_hard_buried_failure_level
google/gemini-2.5-pro,0,300,0.6533333333333333,1.0,0.6533333333333333,0.65,1.0,0.65,0.6066666666666667,0.9533333333333334,0.6366666666666667,0.61,0.9533333333333334,0.6433333333333333,0.043333333333333335,0.03508203336969018,0.04666666666666667,mixed / borderline
google/gemini-2.5-pro,1,300,0.66,0.9966666666666667,0.66,0.6966666666666667,1.0,0.6966666666666667,0.6666666666666666,0.9733333333333334,0.68,0.67,0.9866666666666667,0.68,-0.010000000000000009,0.6900379657745361,0.016666666666666666,little buried-information failure
