llm_name,cond_a,cond_b,comparison,n_rows,acc_a,acc_b,delta_pp,delta_ci_low,delta_ci_high,flip_rate,flip_rate_ci_low,flip_rate_ci_high,hurt_rate,help_rate,b_hurt,c_helped,discordant_n,mcnemar_p,hurt_help_ratio
google/gemini-3.1-pro-preview,single_focus,single_long_control,single_focus -> single_long_control,500,0.66,0.658,-0.0020000000000000018,-0.016,0.012,0.026052104208416832,0.015287081939324697,0.04405857919744953,0.014,0.012,7,6,13,1.0,1.1666666666666667
google/gemini-3.1-pro-preview,single_focus,full_focus_epu_first,single_focus -> full_focus_epu_first,500,0.66,0.678,0.018000000000000016,-0.002,0.038,0.05410821643286573,0.037449782640178245,0.07757943343987361,0.018,0.036,9,18,27,0.12207812070846558,0.5
google/gemini-3.1-pro-preview,single_focus,full_focus_epu_last,single_focus -> full_focus_epu_last,500,0.66,0.664,0.0040000000000000036,-0.014,0.024,0.04809619238476954,0.032530692560326355,0.07056633317473744,0.022,0.026,11,13,24,0.8388197422027588,0.8461538461538461
google/gemini-3.1-pro-preview,single_long_control,full_focus_epu_first,single_long_control -> full_focus_epu_first,500,0.658,0.678,0.020000000000000018,0.0,0.04,0.056,0.03902562068315149,0.0797447936467069,0.018,0.038,9,19,28,0.08715855330228806,0.47368421052631576
google/gemini-3.1-pro-preview,single_long_control,full_focus_epu_last,single_long_control -> full_focus_epu_last,500,0.658,0.664,0.006000000000000005,-0.014,0.024,0.05,0.034093745243849435,0.0727681611715476,0.022,0.028,11,14,25,0.6900379657745361,0.7857142857142857
google/gemini-3.1-pro-preview,full_focus_epu_first,full_focus_epu_last,full_focus_epu_first -> full_focus_epu_last,500,0.678,0.664,-0.014000000000000012,-0.034,0.004,0.046,0.030845108370816207,0.06807779276827323,0.03,0.016,15,8,23,0.21003961563110352,1.875
