llm_name,cond_a,cond_b,comparison,n_rows,acc_a,acc_b,delta_pp,delta_ci_low,delta_ci_high,flip_rate,flip_rate_ci_low,flip_rate_ci_high,hurt_rate,help_rate,b_hurt,c_helped,discordant_n,mcnemar_p,hurt_help_ratio
deepseek-ai/deepseek-v3.2,single_focus,single_long_control,single_focus -> single_long_control,500,0.628,0.632,0.0040000000000000036,-0.028,0.036,0.12424849699398798,0.09814491539395653,0.1560931880442894,0.06,0.064,30,32,62,0.8990763136528589,0.9375
deepseek-ai/deepseek-v3.2,single_focus,full_focus_epu_first,single_focus -> full_focus_epu_first,500,0.628,0.63,0.0020000000000000018,-0.032,0.034,0.138,0.1105180088988837,0.17100201359528017,0.068,0.07,34,35,69,1.0,0.9714285714285714
deepseek-ai/deepseek-v3.2,single_focus,full_focus_epu_last,single_focus -> full_focus_epu_last,500,0.628,0.608,-0.020000000000000018,-0.048,0.008,0.104,0.08019420676989107,0.1338442708756583,0.062,0.042,31,21,52,0.21160856876151612,1.4761904761904763
deepseek-ai/deepseek-v3.2,single_long_control,full_focus_epu_first,single_long_control -> full_focus_epu_first,500,0.632,0.63,-0.0020000000000000018,-0.03604999999999998,0.03,0.1462925851703407,0.1179881658640695,0.18000130217246607,0.074,0.072,37,36,73,1.0,1.0277777777777777
deepseek-ai/deepseek-v3.2,single_long_control,full_focus_epu_last,single_long_control -> full_focus_epu_last,500,0.632,0.608,-0.02400000000000002,-0.056,0.008,0.13627254509018036,0.10893632014209159,0.1691661639861305,0.08,0.056,40,28,68,0.1818100545355934,1.4285714285714286
deepseek-ai/deepseek-v3.2,full_focus_epu_first,full_focus_epu_last,full_focus_epu_first -> full_focus_epu_last,500,0.63,0.608,-0.02200000000000002,-0.058,0.014,0.166,0.13595774323101012,0.2011353161973068,0.094,0.072,47,36,83,0.272268945972048,1.3055555555555556
