llm_name,condition,disagreement_flag,mean,std,count
🤖 google/gemini-2.5-flash,short,0,0.7412587412587412,0.4384544869221322,429
🤖 google/gemini-2.5-flash,short,1,0.4327485380116959,0.49691168695272503,171
🤖 google/gemini-2.5-flash,medium,0,0.7319347319347319,0.4434689459370305,429
🤖 google/gemini-2.5-flash,medium,1,0.4444444444444444,0.49836333439760144,171
🤖 google/gemini-2.5-flash,long,0,0.703962703962704,0.4570406212218747,429
🤖 google/gemini-2.5-flash,long,1,0.4444444444444444,0.49836333439760144,171
