llm_name,condition,disagreement_flag,mean,std,count
🤖 anthropic/claude-sonnet-4-6@default,short,0,0.7202797202797203,0.4493857865188387,429
🤖 anthropic/claude-sonnet-4-6@default,short,1,0.391812865497076,0.48958889123604576,171
🤖 anthropic/claude-sonnet-4-6@default,medium,0,0.7365967365967366,0.44099354487887854,429
🤖 anthropic/claude-sonnet-4-6@default,medium,1,0.4152046783625731,0.49420445778607797,171
🤖 anthropic/claude-sonnet-4-6@default,long,0,0.7389277389277389,0.43973204128266963,429
🤖 anthropic/claude-sonnet-4-6@default,long,1,0.39766081871345027,0.4908519863610822,171
