llm_name,group_name,group_value,n_rows,clean_acc,clean_acc_ci_low,clean_acc_ci_high,attacked_acc,attacked_acc_ci_low,attacked_acc_ci_high,attack_drop_pp,attack_drop_ci_low,attack_drop_ci_high,flip_rate,flip_rate_ci_low,flip_rate_ci_high,attack_hurt_rate,attack_hurt_ci_low,attack_hurt_ci_high,attack_helped_rate,attack_helped_ci_low,attack_helped_ci_high,b_hurt,c_helped,discordant_n,mcnemar_p,hurt_help_ratio,relative_error_increase,clean_fp_rate_gold0,attacked_fp_rate_gold0,fp_pull_pp,clean_fn_rate_gold1,attacked_fn_rate_gold1,fn_pull_pp,stable_rate,composite_score_mean,attacked_aux_mean,clean_confidence_mean,attacked_confidence_mean,clean_excerpt_in_target_rate,attacked_excerpt_in_target_rate,distraction_level
google/gemini-3.1-pro-preview,gold_epu,1,300,0.5533333333333333,0.496755238029873,0.6085628450395089,0.5733333333333334,0.5167859400590311,0.6280264241613689,-0.020000000000000018,-0.043333333333333335,8.333333333212068e-05,0.04,0.023027321487942308,0.06860421203864003,0.01,0.003406618437715286,0.02898349336233983,0.03,0.01586185380943231,0.05602253914164096,3,9,12,0.14599609375,0.3333333333333333,-0.04477611940298509,,,,0.44333333333333336,0.4266666666666667,-0.016666666666666663,0.959866220735786,0.5707925925925926,0.4086666666666667,0.9323666666666668,0.9369000000000002,0.6566666666666666,0.66,little distraction
google/gemini-3.1-pro-preview,gold_epu,0,300,0.82,0.7725668011129554,0.859341697303335,0.8166666666666667,0.7689713823226987,0.8563547359017554,0.0033333333333332993,-0.013333333333333334,0.02,0.023333333333333334,0.011347660299125234,0.04737197226827532,0.013333333333333334,0.005196961739358857,0.03377553025253262,0.01,0.003406618437715286,0.02898349336233983,4,3,7,1.0,1.3333333333333333,0.01851851851851838,0.18,0.18333333333333332,0.003333333333333327,,,,0.9766666666666667,0.7235999999999999,0.26466666666666666,0.9562999999999999,0.9513666666666666,0.74,0.7266666666666667,little distraction
