llm_name,group_name,group_value,n_rows,clean_acc,clean_acc_ci_low,clean_acc_ci_high,attacked_acc,attacked_acc_ci_low,attacked_acc_ci_high,attack_drop_pp,attack_drop_ci_low,attack_drop_ci_high,flip_rate,flip_rate_ci_low,flip_rate_ci_high,attack_hurt_rate,attack_hurt_ci_low,attack_hurt_ci_high,attack_helped_rate,attack_helped_ci_low,attack_helped_ci_high,b_hurt,c_helped,discordant_n,mcnemar_p,hurt_help_ratio,relative_error_increase,clean_fp_rate_gold0,attacked_fp_rate_gold0,fp_pull_pp,clean_fn_rate_gold1,attacked_fn_rate_gold1,fn_pull_pp,stable_rate,composite_score_mean,attacked_aux_mean,clean_confidence_mean,attacked_confidence_mean,clean_excerpt_in_target_rate,attacked_excerpt_in_target_rate,distraction_level
google/gemini-3.1-pro-preview,disagreement_flag,0,429,0.7948717948717948,0.7541245182812059,0.830385109537986,0.8041958041958042,0.7640155935342312,0.8389765521606662,-0.009324009324009341,-0.02564102564102564,0.006993006993006993,0.03263403263403263,0.01953720252492213,0.05402658895533103,0.011655011655011656,0.004988317064839964,0.02698980919507543,0.02097902097902098,0.011075609774604337,0.03938503436101673,5,9,14,0.4239501953125,0.5555555555555556,-0.045454545454545525,0.15730337078651685,0.15730337078651685,0.0,0.2777777777777778,0.25925925925925924,-0.018518518518518545,0.9672897196261683,0.7267081067081066,0.35477855477855474,0.9455710955710956,0.9445221445221443,0.6643356643356644,0.6666666666666666,little distraction
google/gemini-3.1-pro-preview,disagreement_flag,1,171,0.4152046783625731,0.3440042740249,0.49013117533816836,0.42105263157894735,0.3495830649060613,0.4959913189836921,-0.005847953216374269,-0.029239766081871343,0.017543859649122806,0.029239766081871343,0.012552802350976933,0.06661296825088595,0.011695906432748537,0.00321332131762787,0.0416356457041802,0.017543859649122806,0.005984136416366331,0.05030376513212667,2,3,5,1.0,0.6666666666666666,-0.009999999999999898,0.36363636363636365,0.3939393939393939,0.030303030303030276,0.6376811594202898,0.6231884057971014,-0.01449275362318836,0.9707602339181286,0.4477192982456141,0.29122807017543856,0.9412280701754385,0.9431578947368423,0.783625730994152,0.7602339181286549,little distraction
