llm_name,group_name,group_value,n_rows,clean_acc,clean_acc_ci_low,clean_acc_ci_high,attacked_acc,attacked_acc_ci_low,attacked_acc_ci_high,attack_drop_pp,attack_drop_ci_low,attack_drop_ci_high,flip_rate,flip_rate_ci_low,flip_rate_ci_high,attack_hurt_rate,attack_hurt_ci_low,attack_hurt_ci_high,attack_helped_rate,attack_helped_ci_low,attack_helped_ci_high,b_hurt,c_helped,discordant_n,mcnemar_p,hurt_help_ratio,relative_error_increase,clean_fp_rate_gold0,attacked_fp_rate_gold0,fp_pull_pp,clean_fn_rate_gold1,attacked_fn_rate_gold1,fn_pull_pp,stable_rate,composite_score_mean,attacked_aux_mean,clean_confidence_mean,attacked_confidence_mean,clean_excerpt_in_target_rate,attacked_excerpt_in_target_rate,distraction_level
google/gemini-3.1-pro-preview,overall,all,600,0.6866666666666666,0.648463402309181,0.7224948959790375,0.695,0.657016298987854,0.7305026376168028,-0.008333333333333304,-0.023333333333333334,0.006666666666666667,0.03166666666666667,0.02036491148565182,0.048927215130514526,0.011666666666666667,0.005662583797877487,0.023884010858836874,0.02,0.011477178627043526,0.03463005434610916,7,12,19,0.359283447265625,0.5833333333333334,-0.02659574468085102,0.18,0.18333333333333332,0.003333333333333327,0.44333333333333336,0.4266666666666667,-0.016666666666666663,0.9682804674457429,0.6471962962962963,0.33666666666666667,0.9443333333333334,0.9441333333333334,0.6983333333333334,0.6933333333333334,little distraction
