llm_name,group_name,group_value,n_rows,clean_acc,clean_acc_ci_low,clean_acc_ci_high,attacked_acc,attacked_acc_ci_low,attacked_acc_ci_high,attack_drop_pp,attack_drop_ci_low,attack_drop_ci_high,flip_rate,flip_rate_ci_low,flip_rate_ci_high,attack_hurt_rate,attack_hurt_ci_low,attack_hurt_ci_high,attack_helped_rate,attack_helped_ci_low,attack_helped_ci_high,b_hurt,c_helped,discordant_n,mcnemar_p,hurt_help_ratio,relative_error_increase,clean_fp_rate_gold0,attacked_fp_rate_gold0,fp_pull_pp,clean_fn_rate_gold1,attacked_fn_rate_gold1,fn_pull_pp,stable_rate,composite_score_mean,attacked_aux_mean,clean_confidence_mean,attacked_confidence_mean,clean_excerpt_in_target_rate,attacked_excerpt_in_target_rate,distraction_level
google/gemini-2.5-flash,gold_epu,1,300,0.7333333333333333,0.680572605868549,0.7801940075599961,0.76,0.7085788119154636,0.8048468430477725,-0.026666666666666727,-0.056666666666666664,0.0033333333333333335,0.07333333333333333,0.04892399383922859,0.10853134160571733,0.023333333333333334,0.011347660299125234,0.04737197226827532,0.05,0.03053164062934728,0.08084703347274415,7,15,22,0.13380050659179688,0.4666666666666667,-0.1000000000000002,,,,0.2633333333333333,0.23666666666666666,-0.026666666666666644,0.9261744966442953,0.7163111111111111,0.5146666666666666,0.9466333333333333,0.9511333333333334,0.7066666666666667,0.7266666666666667,mixed / borderline
google/gemini-2.5-flash,gold_epu,0,300,0.5666666666666667,0.5100989219821965,0.6215486818545306,0.52,0.4635710820137406,0.5759231991372775,0.046666666666666634,0.01,0.08666666666666667,0.12666666666666668,0.09369224846506602,0.16908117004926165,0.08666666666666667,0.05982889751804311,0.12395595869424827,0.04,0.023027321487942308,0.06860421203864003,26,12,38,0.03355243967962451,2.1666666666666665,0.10769230769230753,0.4266666666666667,0.48,0.05333333333333329,,,,0.87248322147651,0.5415555555555556,0.3606666666666667,0.9497333333333335,0.9516333333333333,0.7366666666666667,0.7466666666666667,moderate distraction
