llm_name,group_name,group_value,n_rows,clean_acc,clean_acc_ci_low,clean_acc_ci_high,attacked_acc,attacked_acc_ci_low,attacked_acc_ci_high,attack_drop_pp,attack_drop_ci_low,attack_drop_ci_high,flip_rate,flip_rate_ci_low,flip_rate_ci_high,attack_hurt_rate,attack_hurt_ci_low,attack_hurt_ci_high,attack_helped_rate,attack_helped_ci_low,attack_helped_ci_high,b_hurt,c_helped,discordant_n,mcnemar_p,hurt_help_ratio,relative_error_increase,clean_fp_rate_gold0,attacked_fp_rate_gold0,fp_pull_pp,clean_fn_rate_gold1,attacked_fn_rate_gold1,fn_pull_pp,stable_rate,composite_score_mean,attacked_aux_mean,clean_confidence_mean,attacked_confidence_mean,clean_excerpt_in_target_rate,attacked_excerpt_in_target_rate,distraction_level
google/gemini-2.5-flash,disagreement_flag,0,429,0.6899766899766899,0.6446869890179051,0.7318943126995979,0.6783216783216783,0.6327045763419409,0.7207735780309302,0.011655011655011593,-0.018648018648018648,0.04195804195804196,0.1048951048951049,0.07932268282212253,0.13748062219484958,0.05827505827505827,0.03978064413274326,0.08461007150570049,0.046620046620046623,0.030379202725981255,0.07090836556783042,25,20,45,0.5514843298025198,1.25,0.037593984962405846,0.41198501872659177,0.45318352059925093,0.041198501872659166,0.12345679012345678,0.09876543209876543,-0.024691358024691357,0.8941176470588236,0.6546853146853148,0.43263403263403266,0.9473193473193473,0.9503496503496505,0.7132867132867133,0.7226107226107226,mixed / borderline
google/gemini-2.5-flash,disagreement_flag,1,171,0.5497076023391813,0.4748612850928167,0.6223696583840052,0.543859649122807,0.46906215053943956,0.6167298584106974,0.005847953216374213,-0.04093567251461988,0.04678362573099415,0.08771929824561403,0.05387906262799139,0.13967605324072083,0.04678362573099415,0.023893846793311385,0.08958872738860628,0.04093567251461988,0.019968407348956118,0.08207523230627661,8,7,15,1.0,1.1428571428571428,0.01298701298701288,0.5454545454545454,0.696969696969697,0.1515151515151516,0.427536231884058,0.39855072463768115,-0.02898550724637683,0.9122807017543859,0.564327485380117,0.4502923976608187,0.9503508771929826,0.9539766081871346,0.7426900584795322,0.7719298245614035,mixed / borderline
