llm_name,group_name,group_value,n_rows,clean_acc,clean_acc_ci_low,clean_acc_ci_high,attacked_acc,attacked_acc_ci_low,attacked_acc_ci_high,attack_drop_pp,attack_drop_ci_low,attack_drop_ci_high,flip_rate,flip_rate_ci_low,flip_rate_ci_high,attack_hurt_rate,attack_hurt_ci_low,attack_hurt_ci_high,attack_helped_rate,attack_helped_ci_low,attack_helped_ci_high,b_hurt,c_helped,discordant_n,mcnemar_p,hurt_help_ratio,relative_error_increase,clean_fp_rate_gold0,attacked_fp_rate_gold0,fp_pull_pp,clean_acc_gold0,attacked_acc_gold0,delta_acc_gold0,clean_fn_rate_gold1,attacked_fn_rate_gold1,fn_pull_pp,clean_acc_gold1,attacked_acc_gold1,delta_acc_gold1,delta_overall,stable_rate,composite_score_mean,attacked_aux_mean,clean_confidence_mean,attacked_confidence_mean,delta_confidence,attacked_confidence_harmed_rows,attacked_confidence_helped_rows,clean_excerpt_in_target_rate,attacked_excerpt_in_target_rate,excerpt_shift_off_target_rate,wrong_but_attacked_excerpt_in_target_rate,was_truncated_rate,distraction_level,failure_mode
anthropic/claude-sonnet-4-6@default,gold_epu,1,250,0.608,0.5462866446092448,0.6664445626997392,0.56,0.4980209822582853,0.6201630218022616,0.04799999999999993,0.008,0.088,0.1,0.06865492898829105,0.1434517106080646,0.076,0.04919164066173632,0.11564139731040066,0.028,0.013628058600839217,0.05665777612286046,19,7,26,0.028959274291992188,2.7142857142857144,0.12244897959183665,,,,,,,0.392,0.436,0.043999999999999984,0.608,0.56,-0.04799999999999993,-0.04799999999999993,0.8995983935742972,0.5907377777777779,0.4488,0.8334000000000001,0.8375199999999999,0.0041199999999997905,0.7305263157894737,0.7142857142857143,0.492,0.492,0.1,0.6090909090909091,0.456,moderate distraction,undetermined
anthropic/claude-sonnet-4-6@default,gold_epu,0,250,0.664,0.6033592248176015,0.7196770529478927,0.724,0.6655148817430401,0.7757054000830006,-0.05999999999999994,-0.096,-0.024,0.084,0.05559603876664465,0.12499486641356522,0.012,0.004089319880534296,0.03468078042701961,0.072,0.04602556925826496,0.11092853510983558,3,18,21,0.0014896392822265625,0.16666666666666666,-0.17857142857142838,0.336,0.272,-0.064,0.664,0.724,0.05999999999999994,,,,,,,0.05999999999999994,0.9156626506024096,0.638,0.32,0.8355999999999999,0.849,0.013400000000000079,0.7200000000000001,0.78,0.532,0.56,0.056,0.391304347826087,0.524,mixed / borderline,undetermined
